filter,modality,metric,n,mean,sd,ci_low,ci_high,ci_low_video,ci_high_video
frac0,depth,f1@0.5,86,0.4387021206554486,0.1668658635709417,0.4042735897241021,0.4743861270586566,0.38718075192870166,0.49948662184931497
frac0.001,depth,f1@0.5,86,0.48130203036103175,0.17262405589138177,0.44523215106600494,0.517605117197475,0.4308829083365147,0.5417987344198681
frac0.005,depth,f1@0.5,86,0.5111894351672776,0.180988515730869,0.4741634062294051,0.5494036887082013,0.45566073947605273,0.5758494970474373
px300,depth,f1@0.5,86,0.4876651951666159,0.17483612011560415,0.4515803296869704,0.5250706177146929,0.43553586734587235,0.5478561611138748
frac0,normal,f1@0.5,86,0.4770155554818052,0.1666371759822614,0.44236912563130854,0.5121071074003931,0.4218553277600107,0.5355754119345986
frac0.001,normal,f1@0.5,86,0.5215189838224922,0.17496282824369855,0.48433421990575587,0.5574614541597779,0.46343960067139134,0.5822982395826887
frac0.005,normal,f1@0.5,86,0.5618110797353975,0.18396344290191188,0.5231098643696735,0.6004675711583962,0.49805538362989926,0.624396940590131
px300,normal,f1@0.5,86,0.5287663035990611,0.1777651539319297,0.4906919066508903,0.5660687649669031,0.4690347637946963,0.589075608239288
frac0,rgb,f1@0.5,86,0.49570422257974184,0.1266237019658229,0.4697881072121207,0.5225531524309448,0.4489954504159123,0.5496560548408553
frac0.001,rgb,f1@0.5,86,0.5467359523595061,0.13277530284049757,0.5181460589058994,0.574764400004234,0.4964787861667575,0.6027510454031553
frac0.005,rgb,f1@0.5,86,0.6191589033173636,0.1314178570661123,0.5913507924030953,0.6471208884197738,0.570964416808684,0.6722646206830061
px300,rgb,f1@0.5,86,0.5567748518244001,0.1353140430049553,0.5283946608599422,0.5852343990961871,0.5059768708982886,0.6146278351605772
frac0,depth,f1@0.75,86,0.29246244648889314,0.14616770630705136,0.2625940997122492,0.32391033172865563,0.24887874983080469,0.3426252804744727
frac0.001,depth,f1@0.75,86,0.32069387992390935,0.15312226807761956,0.2891063975188736,0.3534709447906065,0.2771965820223638,0.37302233077253405
frac0.005,depth,f1@0.75,86,0.34395019746385774,0.16164911150805816,0.3119677133203478,0.37848019461508314,0.29510649417805024,0.39774372141013964
px300,depth,f1@0.75,86,0.32559486379312513,0.1561409977091281,0.2930234899444902,0.3585605279185064,0.28041740628110867,0.3780210468660331
frac0,normal,f1@0.75,86,0.31760451210247426,0.14048386541472735,0.2880577082294265,0.34769981978802594,0.26645621796218566,0.36994344400970997
frac0.001,normal,f1@0.75,86,0.3482370372892747,0.1511005632155574,0.31639833911870197,0.38037601583255637,0.29233013927157003,0.40274804387241364
frac0.005,normal,f1@0.75,86,0.3825464853410876,0.16593168633667976,0.34748673939490904,0.4184044667941717,0.3197681401733602,0.4424907692038338
px300,normal,f1@0.75,86,0.35373199383355725,0.15420772496138282,0.32139134551872983,0.3860046367885902,0.2972608720246315,0.40864047406048787
frac0,rgb,f1@0.75,86,0.34278289444492654,0.13236979880850822,0.3145438607624946,0.37040200222052694,0.2979842397473144,0.3978188787253671
frac0.001,rgb,f1@0.75,86,0.37908142103415354,0.14334522320835086,0.3488422893043738,0.4098520568263439,0.33326289131765174,0.4397955431159902
frac0.005,rgb,f1@0.75,86,0.4331682311219807,0.14929773567832158,0.40137242980163673,0.46428189703873274,0.38545701497982143,0.4962352966834619
px300,rgb,f1@0.75,86,0.38654274506297004,0.14582519367201272,0.35651112854920575,0.41733675553817107,0.3393996216525559,0.4481312688949878
frac0,depth,n_reg,86,6.502534032760582,2.568578181072241,5.96681884307817,7.043451660853039,5.809286691265825,7.218915585186067
frac0.001,depth,n_reg,86,6.502534032760582,2.568578181072241,5.96681884307817,7.043451660853039,5.809286691265825,7.218915585186067
frac0.005,depth,n_reg,86,6.502534032760582,2.568578181072241,5.96681884307817,7.043451660853039,5.809286691265825,7.218915585186067
px300,depth,n_reg,86,6.502534032760582,2.568578181072241,5.96681884307817,7.043451660853039,5.809286691265825,7.218915585186067
frac0,normal,n_reg,86,8.133867164413735,3.2231339325780777,7.457841119826786,8.812185523390106,7.326172836829945,8.868137016318013
frac0.001,normal,n_reg,86,8.133867164413735,3.2231339325780777,7.457841119826786,8.812185523390106,7.326172836829945,8.868137016318013
frac0.005,normal,n_reg,86,8.133867164413735,3.2231339325780777,7.457841119826786,8.812185523390106,7.326172836829945,8.868137016318013
px300,normal,n_reg,86,8.133867164413735,3.2231339325780777,7.457841119826786,8.812185523390106,7.326172836829945,8.868137016318013
frac0,rgb,n_reg,86,14.854154521287876,5.691244511976209,13.673929974032774,16.09878298493641,12.936477038566009,17.441445415403514
frac0.001,rgb,n_reg,86,14.854154521287876,5.691244511976209,13.673929974032774,16.09878298493641,12.936477038566009,17.441445415403514
frac0.005,rgb,n_reg,86,14.854154521287876,5.691244511976209,13.673929974032774,16.09878298493641,12.936477038566009,17.441445415403514
px300,rgb,n_reg,86,14.854154521287876,5.691244511976209,13.673929974032774,16.09878298493641,12.936477038566009,17.441445415403514
frac0,depth,n_pred,86,6.502534032760582,2.568578181072241,5.96681884307817,7.043451660853039,5.809286691265825,7.218915585186067
frac0.001,depth,n_pred,86,6.1601424519864825,2.3858999503697733,5.667531094923668,6.658150693326348,5.536114594960606,6.80922054790422
frac0.005,depth,n_pred,86,5.703238213517622,2.118025651107077,5.253737811034938,6.147420015505616,5.117882014839688,6.286248706687005
px300,depth,n_pred,86,6.096838019920707,2.346790616849765,5.603579730640342,6.595343836556613,5.474391358534442,6.745784925364461
frac0,normal,n_pred,86,8.133867164413735,3.2231339325780777,7.457841119826786,8.812185523390106,7.326172836829945,8.868137016318013
frac0.001,normal,n_pred,86,7.742840399849596,3.0855193873344486,7.103198824875315,8.38873573480832,6.963812713783084,8.455683611102717
frac0.005,normal,n_pred,86,6.953729777476729,2.6654518312707496,6.380024731324491,7.51687983799451,6.349855514346892,7.517787417572817
px300,normal,n_pred,86,7.645556329056506,3.027374163160611,6.994219081960414,8.282992190871527,6.8963313403972935,8.332712656463672
frac0,rgb,n_pred,86,14.854154521287876,5.691244511976209,13.673929974032774,16.09878298493641,12.936477038566009,17.441445415403514
frac0.001,rgb,n_pred,86,13.634327994520191,5.242326999113016,12.587714037125524,14.76681685561808,11.879679811196125,16.00153203942669
frac0.005,rgb,n_pred,86,10.624856428361326,3.605200503486689,9.87937115049704,11.405554121974355,9.422595923994537,12.13022951182539
px300,rgb,n_pred,86,13.331941605728995,5.181060756204089,12.265844818089791,14.458377475647103,11.615302901148665,15.6767235659558
frac0,depth,n_gt,86,11.280567716012433,3.8154478566178116,10.48030363225234,12.072328495955748,9.565171334805747,12.89125450277552
frac0.001,depth,n_gt,86,9.766912124194944,3.0812091417074052,9.115818322187481,10.425163447693656,8.506733253218934,10.946275850328906
frac0.005,depth,n_gt,86,8.732979862026264,2.460980823811445,8.215959715526264,9.243939238236843,7.786499858078278,9.580221064773411
px300,depth,n_gt,86,9.582096267801312,2.962464253850516,8.96238080778539,10.202123259950463,8.387930390087714,10.704135514220901
frac0,normal,n_gt,86,11.280567716012433,3.8154478566178116,10.48030363225234,12.072328495955748,9.565171334805747,12.89125450277552
frac0.001,normal,n_gt,86,9.766912124194944,3.0812091417074052,9.115818322187481,10.425163447693656,8.506733253218934,10.946275850328906
frac0.005,normal,n_gt,86,8.732979862026264,2.460980823811445,8.215959715526264,9.243939238236843,7.786499858078278,9.580221064773411
px300,normal,n_gt,86,9.582096267801312,2.962464253850516,8.96238080778539,10.202123259950463,8.387930390087714,10.704135514220901
frac0,rgb,n_gt,86,11.280567716012433,3.8154478566178116,10.48030363225234,12.072328495955748,9.565171334805747,12.89125450277552
frac0.001,rgb,n_gt,86,9.766912124194944,3.0812091417074052,9.115818322187481,10.425163447693656,8.506733253218934,10.946275850328906
frac0.005,rgb,n_gt,86,8.732979862026264,2.460980823811445,8.215959715526264,9.243939238236843,7.786499858078278,9.580221064773411
px300,rgb,n_gt,86,9.582096267801312,2.962464253850516,8.96238080778539,10.202123259950463,8.387930390087714,10.704135514220901
frac0,depth,miou,86,0.4930134783148055,0.17026628062515065,0.45755074737091994,0.5291874489751393,0.44802041719452945,0.5519829656214104
frac0.001,depth,miou,86,0.4930134783148055,0.17026628062515065,0.45755074737091994,0.5291874489751393,0.44802041719452945,0.5519829656214104
frac0.005,depth,miou,86,0.4930134783148055,0.17026628062515065,0.45755074737091994,0.5291874489751393,0.44802041719452945,0.5519829656214104
px300,depth,miou,86,0.4930134783148055,0.17026628062515065,0.45755074737091994,0.5291874489751393,0.44802041719452945,0.5519829656214104
frac0,normal,miou,86,0.5593620306480818,0.1760545184996845,0.5221977175582085,0.5954707479123508,0.5036797558714197,0.6198076988699168
frac0.001,normal,miou,86,0.5593620306480818,0.1760545184996845,0.5221977175582085,0.5954707479123508,0.5036797558714197,0.6198076988699168
frac0.005,normal,miou,86,0.5593620306480818,0.1760545184996845,0.5221977175582085,0.5954707479123508,0.5036797558714197,0.6198076988699168
px300,normal,miou,86,0.5593620306480818,0.1760545184996845,0.5221977175582085,0.5954707479123508,0.5036797558714197,0.6198076988699168
frac0,rgb,miou,86,0.7327589758495023,0.1304550029181767,0.7045890981514215,0.7595792971249148,0.6774379073597863,0.7924233230426547
frac0.001,rgb,miou,86,0.7327589758495023,0.1304550029181767,0.7045890981514215,0.7595792971249148,0.6774379073597863,0.7924233230426547
frac0.005,rgb,miou,86,0.7327589758495023,0.1304550029181767,0.7045890981514215,0.7595792971249148,0.6774379073597863,0.7924233230426547
px300,rgb,miou,86,0.7327589758495023,0.1304550029181767,0.7045890981514215,0.7595792971249148,0.6774379073597863,0.7924233230426547
