clip,modality,n_gt_frames,tagged_rerun_differs,score_max_abs_diff
VID01_s15_80_crop,rgb,21,,0.0
VID01_s15_80_crop,depth,21,,0.0
VID01_s15_80_crop,normal,21,,0.0
VID01_s15_240_crop,rgb,11,,0.0
VID01_s15_240_crop,depth,11,,0.0
VID01_s15_240_crop,normal,11,,0.0
VID01_s15_14859_crop,rgb,22,,0.0
VID01_s15_14859_crop,depth,22,,0.0
VID01_s15_14859_crop,normal,22,,0.0
VID01_s15_16345_crop,rgb,17,,0.0
VID01_s15_16345_crop,depth,17,,0.0
VID01_s15_16345_crop,normal,17,,0.0
VID12_s15_15750_crop,rgb,11,,0.0
VID12_s15_15750_crop,depth,11,,0.0
VID12_s15_15750_crop,normal,11,,0.0
VID12_s15_19500_crop,rgb,25,,0.0
VID12_s15_19500_crop,depth,25,,0.0
VID12_s15_19500_crop,normal,25,,0.0
VID12_s15_19900_crop,rgb,11,,0.0
VID12_s15_19900_crop,depth,11,,0.0
VID12_s15_19900_crop,normal,11,,0.0
VID25_s15_162_crop,rgb,22,,0.0
VID25_s15_162_crop,depth,22,,0.0
VID25_s15_162_crop,normal,22,,0.0
VID25_s15_402_crop,rgb,11,,0.0
VID25_s15_402_crop,depth,11,,0.0
VID25_s15_402_crop,normal,11,,0.0
VID18_s15_979_crop,rgb,11,,0.0
VID18_s15_979_crop,depth,11,,0.0
VID18_s15_979_crop,normal,11,,0.0
VID26_s15_1855_crop,rgb,22,,0.0
VID26_s15_1855_crop,depth,22,,0.0
VID26_s15_1855_crop,normal,22,,0.0
VID27_s15_160_crop,rgb,22,,0.0
VID27_s15_160_crop,depth,22,,0.0
VID27_s15_160_crop,normal,22,,0.0
VID27_s15_400_crop,rgb,17,,0.0
VID27_s15_400_crop,depth,17,,0.0
VID27_s15_400_crop,normal,17,,0.0
VID35_s15_780_crop,rgb,16,,0.0
VID35_s15_780_crop,depth,16,,0.0
VID35_s15_780_crop,normal,16,,0.0
VID43_s15_67_crop,rgb,25,,0.0
VID43_s15_67_crop,depth,25,,0.0
VID43_s15_67_crop,normal,25,,0.0
VID43_s15_387_crop,rgb,30,,0.0
VID43_s15_387_crop,depth,30,,0.0
VID43_s15_387_crop,normal,30,,0.0
VID48_s15_561_crop,rgb,17,,0.0
VID48_s15_561_crop,depth,17,,0.0
VID48_s15_561_crop,normal,17,,0.0
VID52_s15_80_crop,rgb,30,,0.0
VID52_s15_80_crop,depth,30,,0.0
VID52_s15_80_crop,normal,30,,0.0
VID52_s15_2746_crop,rgb,16,,0.0
VID52_s15_2746_crop,depth,16,,0.0
VID52_s15_2746_crop,normal,16,,0.0
VID09_s15_832_crop,rgb,16,,0.0
VID09_s15_832_crop,depth,16,,0.0
VID09_s15_832_crop,normal,16,,0.0
VID17_s15_1563_crop,rgb,20,,0.0
VID17_s15_1563_crop,depth,20,,0.0
VID17_s15_1563_crop,normal,20,,0.0
VID20_s15_3260_crop,rgb,11,,0.0
VID20_s15_3260_crop,depth,11,,0.0
VID20_s15_3260_crop,normal,11,,0.0
VID24_s15_0_crop,rgb,25,,0.0
VID24_s15_0_crop,depth,25,,0.0
VID24_s15_0_crop,normal,25,,0.0
VID24_s15_9596_crop,rgb,22,,0.0
VID24_s15_9596_crop,depth,22,,0.0
VID24_s15_9596_crop,normal,22,,0.0
VID28_s15_0_crop,rgb,30,,0.0
VID28_s15_0_crop,depth,30,,0.0
VID28_s15_0_crop,normal,30,,0.0
VID37_s15_528_crop,rgb,25,,0.0
VID37_s15_528_crop,depth,25,,0.0
VID37_s15_528_crop,normal,25,,0.0
VID55_s15_508_crop,rgb,16,,0.0
VID55_s15_508_crop,depth,16,,0.0
VID55_s15_508_crop,normal,16,,0.0
