pps,clip,modality,status,seed_regions,tracked_on_seed_frame
8,VID01_s15_80_crop,rgb,equal,9.0,9.0
8,VID01_s15_80_crop,depth,equal,7.0,7.0
8,VID01_s15_80_crop,normal,equal,10.0,10.0
8,VID01_s15_240_crop,rgb,equal,11.0,11.0
8,VID01_s15_240_crop,depth,equal,8.0,8.0
8,VID01_s15_240_crop,normal,equal,11.0,11.0
8,VID01_s15_14859_crop,rgb,equal,14.0,14.0
8,VID01_s15_14859_crop,depth,equal,3.0,3.0
8,VID01_s15_14859_crop,normal,equal,13.0,13.0
8,VID01_s15_16345_crop,rgb,equal,21.0,21.0
8,VID01_s15_16345_crop,depth,equal,8.0,8.0
8,VID01_s15_16345_crop,normal,equal,9.0,9.0
8,VID12_s15_15750_crop,rgb,equal,23.0,23.0
8,VID12_s15_15750_crop,depth,equal,7.0,7.0
8,VID12_s15_15750_crop,normal,equal,7.0,7.0
8,VID12_s15_19500_crop,rgb,equal,19.0,19.0
8,VID12_s15_19500_crop,depth,equal,6.0,6.0
8,VID12_s15_19500_crop,normal,equal,5.0,5.0
8,VID12_s15_19900_crop,rgb,equal,16.0,16.0
8,VID12_s15_19900_crop,depth,equal,6.0,6.0
8,VID12_s15_19900_crop,normal,equal,9.0,9.0
8,VID25_s15_162_crop,rgb,equal,11.0,11.0
8,VID25_s15_162_crop,depth,equal,8.0,8.0
8,VID25_s15_162_crop,normal,tracked subset,11.0,10.0
8,VID25_s15_402_crop,rgb,equal,14.0,14.0
8,VID25_s15_402_crop,depth,equal,5.0,5.0
8,VID25_s15_402_crop,normal,equal,10.0,10.0
8,VID18_s15_979_crop,rgb,equal,15.0,15.0
8,VID18_s15_979_crop,depth,equal,6.0,6.0
8,VID18_s15_979_crop,normal,equal,11.0,11.0
8,VID26_s15_1855_crop,rgb,equal,10.0,10.0
8,VID26_s15_1855_crop,depth,equal,3.0,3.0
8,VID26_s15_1855_crop,normal,equal,8.0,8.0
8,VID27_s15_160_crop,rgb,equal,7.0,7.0
8,VID27_s15_160_crop,depth,equal,5.0,5.0
8,VID27_s15_160_crop,normal,equal,6.0,6.0
8,VID27_s15_400_crop,rgb,equal,15.0,15.0
8,VID27_s15_400_crop,depth,equal,5.0,5.0
8,VID27_s15_400_crop,normal,equal,10.0,10.0
8,VID35_s15_780_crop,rgb,equal,8.0,8.0
8,VID35_s15_780_crop,depth,equal,5.0,5.0
8,VID35_s15_780_crop,normal,equal,7.0,7.0
8,VID43_s15_67_crop,rgb,equal,11.0,11.0
8,VID43_s15_67_crop,depth,equal,7.0,7.0
8,VID43_s15_67_crop,normal,equal,7.0,7.0
8,VID43_s15_387_crop,rgb,equal,13.0,13.0
8,VID43_s15_387_crop,depth,equal,8.0,8.0
8,VID43_s15_387_crop,normal,equal,8.0,8.0
8,VID48_s15_561_crop,rgb,equal,16.0,16.0
8,VID48_s15_561_crop,depth,equal,5.0,5.0
8,VID48_s15_561_crop,normal,equal,9.0,9.0
8,VID52_s15_80_crop,rgb,equal,11.0,11.0
8,VID52_s15_80_crop,depth,equal,8.0,8.0
8,VID52_s15_80_crop,normal,equal,10.0,10.0
8,VID52_s15_2746_crop,rgb,equal,15.0,15.0
8,VID52_s15_2746_crop,depth,equal,8.0,8.0
8,VID52_s15_2746_crop,normal,equal,11.0,11.0
8,VID09_s15_832_crop,rgb,equal,9.0,9.0
8,VID09_s15_832_crop,depth,equal,5.0,5.0
8,VID09_s15_832_crop,normal,equal,8.0,8.0
8,VID17_s15_1563_crop,rgb,equal,10.0,10.0
8,VID17_s15_1563_crop,depth,equal,8.0,8.0
8,VID17_s15_1563_crop,normal,equal,9.0,9.0
8,VID20_s15_3260_crop,rgb,equal,14.0,14.0
8,VID20_s15_3260_crop,depth,equal,9.0,9.0
8,VID20_s15_3260_crop,normal,equal,9.0,9.0
8,VID24_s15_0_crop,rgb,equal,13.0,13.0
8,VID24_s15_0_crop,depth,equal,6.0,6.0
8,VID24_s15_0_crop,normal,equal,6.0,6.0
8,VID24_s15_9596_crop,rgb,equal,17.0,17.0
8,VID24_s15_9596_crop,depth,equal,8.0,8.0
8,VID24_s15_9596_crop,normal,equal,8.0,8.0
8,VID28_s15_0_crop,rgb,equal,8.0,8.0
8,VID28_s15_0_crop,depth,equal,2.0,2.0
8,VID28_s15_0_crop,normal,equal,8.0,8.0
8,VID37_s15_528_crop,rgb,equal,13.0,13.0
8,VID37_s15_528_crop,depth,equal,3.0,3.0
8,VID37_s15_528_crop,normal,equal,9.0,9.0
8,VID55_s15_508_crop,rgb,equal,22.0,22.0
8,VID55_s15_508_crop,depth,equal,7.0,7.0
8,VID55_s15_508_crop,normal,equal,13.0,13.0
16,VID01_s15_80_crop,rgb,equal,11.0,11.0
16,VID01_s15_80_crop,depth,equal,9.0,9.0
16,VID01_s15_80_crop,normal,equal,12.0,12.0
16,VID01_s15_240_crop,rgb,equal,13.0,13.0
16,VID01_s15_240_crop,depth,equal,8.0,8.0
16,VID01_s15_240_crop,normal,equal,13.0,13.0
16,VID01_s15_14859_crop,rgb,equal,16.0,16.0
16,VID01_s15_14859_crop,depth,equal,3.0,3.0
16,VID01_s15_14859_crop,normal,equal,13.0,13.0
16,VID01_s15_16345_crop,rgb,equal,32.0,32.0
16,VID01_s15_16345_crop,depth,equal,10.0,10.0
16,VID01_s15_16345_crop,normal,equal,13.0,13.0
16,VID12_s15_15750_crop,rgb,equal,33.0,33.0
16,VID12_s15_15750_crop,depth,equal,9.0,9.0
16,VID12_s15_15750_crop,normal,equal,8.0,8.0
16,VID12_s15_19500_crop,rgb,equal,26.0,26.0
16,VID12_s15_19500_crop,depth,equal,9.0,9.0
16,VID12_s15_19500_crop,normal,equal,7.0,7.0
16,VID12_s15_19900_crop,rgb,equal,24.0,24.0
16,VID12_s15_19900_crop,depth,equal,9.0,9.0
16,VID12_s15_19900_crop,normal,equal,14.0,14.0
16,VID25_s15_162_crop,rgb,equal,18.0,18.0
16,VID25_s15_162_crop,depth,equal,10.0,10.0
16,VID25_s15_162_crop,normal,equal,11.0,11.0
16,VID25_s15_402_crop,rgb,equal,17.0,17.0
16,VID25_s15_402_crop,depth,equal,8.0,8.0
16,VID25_s15_402_crop,normal,equal,12.0,12.0
16,VID18_s15_979_crop,rgb,equal,16.0,16.0
16,VID18_s15_979_crop,depth,equal,7.0,7.0
16,VID18_s15_979_crop,normal,equal,14.0,14.0
16,VID26_s15_1855_crop,rgb,equal,19.0,19.0
16,VID26_s15_1855_crop,depth,equal,3.0,3.0
16,VID26_s15_1855_crop,normal,equal,6.0,6.0
16,VID27_s15_160_crop,rgb,equal,7.0,7.0
16,VID27_s15_160_crop,depth,equal,6.0,6.0
16,VID27_s15_160_crop,normal,equal,8.0,8.0
16,VID27_s15_400_crop,rgb,equal,19.0,19.0
16,VID27_s15_400_crop,depth,equal,4.0,4.0
16,VID27_s15_400_crop,normal,equal,13.0,13.0
16,VID35_s15_780_crop,rgb,equal,13.0,13.0
16,VID35_s15_780_crop,depth,equal,5.0,5.0
16,VID35_s15_780_crop,normal,equal,7.0,7.0
16,VID43_s15_67_crop,rgb,equal,16.0,16.0
16,VID43_s15_67_crop,depth,equal,8.0,8.0
16,VID43_s15_67_crop,normal,equal,10.0,10.0
16,VID43_s15_387_crop,rgb,equal,17.0,17.0
16,VID43_s15_387_crop,depth,equal,8.0,8.0
16,VID43_s15_387_crop,normal,equal,10.0,10.0
16,VID48_s15_561_crop,rgb,equal,20.0,20.0
16,VID48_s15_561_crop,depth,equal,4.0,4.0
16,VID48_s15_561_crop,normal,equal,11.0,11.0
16,VID52_s15_80_crop,rgb,equal,15.0,15.0
16,VID52_s15_80_crop,depth,equal,9.0,9.0
16,VID52_s15_80_crop,normal,equal,11.0,11.0
16,VID52_s15_2746_crop,rgb,equal,27.0,27.0
16,VID52_s15_2746_crop,depth,equal,9.0,9.0
16,VID52_s15_2746_crop,normal,equal,14.0,14.0
16,VID09_s15_832_crop,rgb,equal,10.0,10.0
16,VID09_s15_832_crop,depth,equal,6.0,6.0
16,VID09_s15_832_crop,normal,equal,9.0,9.0
16,VID17_s15_1563_crop,rgb,equal,11.0,11.0
16,VID17_s15_1563_crop,depth,equal,9.0,9.0
16,VID17_s15_1563_crop,normal,equal,12.0,12.0
16,VID20_s15_3260_crop,rgb,equal,16.0,16.0
16,VID20_s15_3260_crop,depth,equal,8.0,8.0
16,VID20_s15_3260_crop,normal,equal,10.0,10.0
16,VID24_s15_0_crop,rgb,equal,12.0,12.0
16,VID24_s15_0_crop,depth,equal,4.0,4.0
16,VID24_s15_0_crop,normal,equal,7.0,7.0
16,VID24_s15_9596_crop,rgb,equal,19.0,19.0
16,VID24_s15_9596_crop,depth,equal,9.0,9.0
16,VID24_s15_9596_crop,normal,equal,14.0,14.0
16,VID28_s15_0_crop,rgb,equal,16.0,16.0
16,VID28_s15_0_crop,depth,equal,4.0,4.0
16,VID28_s15_0_crop,normal,equal,10.0,10.0
16,VID37_s15_528_crop,rgb,equal,18.0,18.0
16,VID37_s15_528_crop,depth,equal,4.0,4.0
16,VID37_s15_528_crop,normal,equal,10.0,10.0
16,VID55_s15_508_crop,rgb,equal,21.0,21.0
16,VID55_s15_508_crop,depth,equal,7.0,7.0
16,VID55_s15_508_crop,normal,equal,16.0,16.0
24,VID01_s15_80_crop,rgb,equal,13.0,13.0
24,VID01_s15_80_crop,depth,equal,7.0,7.0
24,VID01_s15_80_crop,normal,equal,13.0,13.0
24,VID01_s15_240_crop,rgb,equal,11.0,11.0
24,VID01_s15_240_crop,depth,equal,9.0,9.0
24,VID01_s15_240_crop,normal,equal,11.0,11.0
24,VID01_s15_14859_crop,rgb,equal,16.0,16.0
24,VID01_s15_14859_crop,depth,equal,3.0,3.0
24,VID01_s15_14859_crop,normal,equal,13.0,13.0
24,VID01_s15_16345_crop,rgb,equal,36.0,36.0
24,VID01_s15_16345_crop,depth,equal,11.0,11.0
24,VID01_s15_16345_crop,normal,equal,13.0,13.0
24,VID12_s15_15750_crop,rgb,equal,29.0,29.0
24,VID12_s15_15750_crop,depth,equal,10.0,10.0
24,VID12_s15_15750_crop,normal,equal,10.0,10.0
24,VID12_s15_19500_crop,rgb,differs,27.0,27.0
24,VID12_s15_19500_crop,depth,equal,10.0,10.0
24,VID12_s15_19500_crop,normal,equal,6.0,6.0
24,VID12_s15_19900_crop,rgb,equal,26.0,26.0
24,VID12_s15_19900_crop,depth,equal,9.0,9.0
24,VID12_s15_19900_crop,normal,equal,10.0,10.0
24,VID25_s15_162_crop,rgb,equal,18.0,18.0
24,VID25_s15_162_crop,depth,equal,10.0,10.0
24,VID25_s15_162_crop,normal,equal,12.0,12.0
24,VID25_s15_402_crop,rgb,equal,21.0,21.0
24,VID25_s15_402_crop,depth,equal,8.0,8.0
24,VID25_s15_402_crop,normal,equal,12.0,12.0
24,VID18_s15_979_crop,rgb,equal,17.0,17.0
24,VID18_s15_979_crop,depth,equal,7.0,7.0
24,VID18_s15_979_crop,normal,equal,15.0,15.0
24,VID26_s15_1855_crop,rgb,equal,18.0,18.0
24,VID26_s15_1855_crop,depth,equal,3.0,3.0
24,VID26_s15_1855_crop,normal,equal,7.0,7.0
24,VID27_s15_160_crop,rgb,equal,7.0,7.0
24,VID27_s15_160_crop,depth,equal,6.0,6.0
24,VID27_s15_160_crop,normal,equal,10.0,10.0
24,VID27_s15_400_crop,rgb,equal,17.0,17.0
24,VID27_s15_400_crop,depth,equal,8.0,8.0
24,VID27_s15_400_crop,normal,equal,13.0,13.0
24,VID35_s15_780_crop,rgb,equal,12.0,12.0
24,VID35_s15_780_crop,depth,differs,6.0,6.0
24,VID35_s15_780_crop,normal,equal,7.0,7.0
24,VID43_s15_67_crop,rgb,equal,16.0,16.0
24,VID43_s15_67_crop,depth,equal,8.0,8.0
24,VID43_s15_67_crop,normal,equal,10.0,10.0
24,VID43_s15_387_crop,rgb,equal,18.0,18.0
24,VID43_s15_387_crop,depth,equal,8.0,8.0
24,VID43_s15_387_crop,normal,equal,9.0,9.0
24,VID48_s15_561_crop,rgb,equal,21.0,21.0
24,VID48_s15_561_crop,depth,equal,5.0,5.0
24,VID48_s15_561_crop,normal,equal,11.0,11.0
24,VID52_s15_80_crop,rgb,differs,11.0,11.0
24,VID52_s15_80_crop,depth,equal,10.0,10.0
24,VID52_s15_80_crop,normal,equal,10.0,10.0
24,VID52_s15_2746_crop,rgb,equal,21.0,21.0
24,VID52_s15_2746_crop,depth,equal,8.0,8.0
24,VID52_s15_2746_crop,normal,equal,13.0,13.0
24,VID09_s15_832_crop,rgb,equal,11.0,11.0
24,VID09_s15_832_crop,depth,equal,7.0,7.0
24,VID09_s15_832_crop,normal,equal,7.0,7.0
24,VID17_s15_1563_crop,rgb,equal,12.0,12.0
24,VID17_s15_1563_crop,depth,equal,10.0,10.0
24,VID17_s15_1563_crop,normal,equal,9.0,9.0
24,VID20_s15_3260_crop,rgb,equal,18.0,18.0
24,VID20_s15_3260_crop,depth,equal,8.0,8.0
24,VID20_s15_3260_crop,normal,equal,9.0,9.0
24,VID24_s15_0_crop,rgb,equal,15.0,15.0
24,VID24_s15_0_crop,depth,equal,4.0,4.0
24,VID24_s15_0_crop,normal,equal,7.0,7.0
24,VID24_s15_9596_crop,rgb,equal,21.0,21.0
24,VID24_s15_9596_crop,depth,equal,9.0,9.0
24,VID24_s15_9596_crop,normal,equal,10.0,10.0
24,VID28_s15_0_crop,rgb,equal,22.0,22.0
24,VID28_s15_0_crop,depth,equal,4.0,4.0
24,VID28_s15_0_crop,normal,equal,7.0,7.0
24,VID37_s15_528_crop,rgb,equal,16.0,16.0
24,VID37_s15_528_crop,depth,equal,3.0,3.0
24,VID37_s15_528_crop,normal,equal,9.0,9.0
24,VID55_s15_508_crop,rgb,equal,23.0,23.0
24,VID55_s15_508_crop,depth,equal,8.0,8.0
24,VID55_s15_508_crop,normal,differs,19.0,18.0
32,VID01_s15_80_crop,rgb,equal,12.0,12.0
32,VID01_s15_80_crop,depth,equal,7.0,7.0
32,VID01_s15_80_crop,normal,equal,13.0,13.0
32,VID01_s15_240_crop,rgb,equal,13.0,13.0
32,VID01_s15_240_crop,depth,equal,8.0,8.0
32,VID01_s15_240_crop,normal,equal,13.0,13.0
32,VID01_s15_14859_crop,rgb,equal,16.0,16.0
32,VID01_s15_14859_crop,depth,equal,3.0,3.0
32,VID01_s15_14859_crop,normal,equal,12.0,12.0
32,VID01_s15_16345_crop,rgb,equal,35.0,35.0
32,VID01_s15_16345_crop,depth,equal,10.0,10.0
32,VID01_s15_16345_crop,normal,equal,13.0,13.0
32,VID12_s15_15750_crop,rgb,equal,24.0,24.0
32,VID12_s15_15750_crop,depth,equal,11.0,11.0
32,VID12_s15_15750_crop,normal,equal,9.0,9.0
32,VID12_s15_19500_crop,rgb,equal,26.0,26.0
32,VID12_s15_19500_crop,depth,equal,12.0,12.0
32,VID12_s15_19500_crop,normal,equal,6.0,6.0
32,VID12_s15_19900_crop,rgb,equal,30.0,30.0
32,VID12_s15_19900_crop,depth,equal,10.0,10.0
32,VID12_s15_19900_crop,normal,equal,14.0,14.0
32,VID25_s15_162_crop,rgb,equal,18.0,18.0
32,VID25_s15_162_crop,depth,equal,11.0,11.0
32,VID25_s15_162_crop,normal,equal,14.0,14.0
32,VID25_s15_402_crop,rgb,equal,22.0,22.0
32,VID25_s15_402_crop,depth,equal,7.0,7.0
32,VID25_s15_402_crop,normal,equal,11.0,11.0
32,VID18_s15_979_crop,rgb,equal,18.0,18.0
32,VID18_s15_979_crop,depth,equal,8.0,8.0
32,VID18_s15_979_crop,normal,equal,14.0,14.0
32,VID26_s15_1855_crop,rgb,equal,17.0,17.0
32,VID26_s15_1855_crop,depth,equal,3.0,3.0
32,VID26_s15_1855_crop,normal,equal,6.0,6.0
32,VID27_s15_160_crop,rgb,equal,6.0,6.0
32,VID27_s15_160_crop,depth,equal,6.0,6.0
32,VID27_s15_160_crop,normal,equal,10.0,10.0
32,VID27_s15_400_crop,rgb,equal,18.0,18.0
32,VID27_s15_400_crop,depth,equal,5.0,5.0
32,VID27_s15_400_crop,normal,equal,13.0,13.0
32,VID35_s15_780_crop,rgb,equal,14.0,14.0
32,VID35_s15_780_crop,depth,equal,5.0,5.0
32,VID35_s15_780_crop,normal,equal,7.0,7.0
32,VID43_s15_67_crop,rgb,equal,15.0,15.0
32,VID43_s15_67_crop,depth,equal,4.0,4.0
32,VID43_s15_67_crop,normal,equal,11.0,11.0
32,VID43_s15_387_crop,rgb,equal,18.0,18.0
32,VID43_s15_387_crop,depth,equal,7.0,7.0
32,VID43_s15_387_crop,normal,equal,10.0,10.0
32,VID48_s15_561_crop,rgb,equal,22.0,22.0
32,VID48_s15_561_crop,depth,equal,5.0,5.0
32,VID48_s15_561_crop,normal,equal,11.0,11.0
32,VID52_s15_80_crop,rgb,equal,12.0,12.0
32,VID52_s15_80_crop,depth,equal,9.0,9.0
32,VID52_s15_80_crop,normal,equal,9.0,9.0
32,VID52_s15_2746_crop,rgb,equal,28.0,28.0
32,VID52_s15_2746_crop,depth,equal,8.0,8.0
32,VID52_s15_2746_crop,normal,equal,12.0,12.0
32,VID09_s15_832_crop,rgb,equal,12.0,12.0
32,VID09_s15_832_crop,depth,equal,7.0,7.0
32,VID09_s15_832_crop,normal,equal,8.0,8.0
32,VID17_s15_1563_crop,rgb,equal,11.0,11.0
32,VID17_s15_1563_crop,depth,equal,8.0,8.0
32,VID17_s15_1563_crop,normal,equal,12.0,12.0
32,VID20_s15_3260_crop,rgb,equal,15.0,15.0
32,VID20_s15_3260_crop,depth,equal,8.0,8.0
32,VID20_s15_3260_crop,normal,equal,9.0,9.0
32,VID24_s15_0_crop,rgb,equal,14.0,14.0
32,VID24_s15_0_crop,depth,equal,4.0,4.0
32,VID24_s15_0_crop,normal,equal,7.0,7.0
32,VID24_s15_9596_crop,rgb,equal,22.0,22.0
32,VID24_s15_9596_crop,depth,equal,9.0,9.0
32,VID24_s15_9596_crop,normal,equal,11.0,11.0
32,VID28_s15_0_crop,rgb,equal,23.0,23.0
32,VID28_s15_0_crop,depth,equal,4.0,4.0
32,VID28_s15_0_crop,normal,equal,10.0,10.0
32,VID37_s15_528_crop,rgb,equal,20.0,20.0
32,VID37_s15_528_crop,depth,equal,3.0,3.0
32,VID37_s15_528_crop,normal,equal,9.0,9.0
32,VID55_s15_508_crop,rgb,equal,23.0,23.0
32,VID55_s15_508_crop,depth,equal,7.0,7.0
32,VID55_s15_508_crop,normal,equal,19.0,19.0
48,VID01_s15_80_crop,rgb,missing,,
48,VID01_s15_80_crop,depth,missing,,
48,VID01_s15_80_crop,normal,missing,,
48,VID01_s15_240_crop,rgb,missing,,
48,VID01_s15_240_crop,depth,missing,,
48,VID01_s15_240_crop,normal,missing,,
48,VID01_s15_14859_crop,rgb,missing,,
48,VID01_s15_14859_crop,depth,missing,,
48,VID01_s15_14859_crop,normal,missing,,
48,VID01_s15_16345_crop,rgb,missing,,
48,VID01_s15_16345_crop,depth,missing,,
48,VID01_s15_16345_crop,normal,missing,,
48,VID12_s15_15750_crop,rgb,missing,,
48,VID12_s15_15750_crop,depth,missing,,
48,VID12_s15_15750_crop,normal,missing,,
48,VID12_s15_19500_crop,rgb,missing,,
48,VID12_s15_19500_crop,depth,missing,,
48,VID12_s15_19500_crop,normal,missing,,
48,VID12_s15_19900_crop,rgb,missing,,
48,VID12_s15_19900_crop,depth,missing,,
48,VID12_s15_19900_crop,normal,missing,,
48,VID25_s15_162_crop,rgb,missing,,
48,VID25_s15_162_crop,depth,missing,,
48,VID25_s15_162_crop,normal,missing,,
48,VID25_s15_402_crop,rgb,missing,,
48,VID25_s15_402_crop,depth,missing,,
48,VID25_s15_402_crop,normal,missing,,
48,VID18_s15_979_crop,rgb,missing,,
48,VID18_s15_979_crop,depth,missing,,
48,VID18_s15_979_crop,normal,missing,,
48,VID26_s15_1855_crop,rgb,missing,,
48,VID26_s15_1855_crop,depth,missing,,
48,VID26_s15_1855_crop,normal,missing,,
48,VID27_s15_160_crop,rgb,missing,,
48,VID27_s15_160_crop,depth,missing,,
48,VID27_s15_160_crop,normal,missing,,
48,VID27_s15_400_crop,rgb,missing,,
48,VID27_s15_400_crop,depth,missing,,
48,VID27_s15_400_crop,normal,missing,,
48,VID35_s15_780_crop,rgb,missing,,
48,VID35_s15_780_crop,depth,missing,,
48,VID35_s15_780_crop,normal,missing,,
48,VID43_s15_67_crop,rgb,missing,,
48,VID43_s15_67_crop,depth,missing,,
48,VID43_s15_67_crop,normal,missing,,
48,VID43_s15_387_crop,rgb,missing,,
48,VID43_s15_387_crop,depth,missing,,
48,VID43_s15_387_crop,normal,missing,,
48,VID48_s15_561_crop,rgb,missing,,
48,VID48_s15_561_crop,depth,missing,,
48,VID48_s15_561_crop,normal,missing,,
48,VID52_s15_80_crop,rgb,missing,,
48,VID52_s15_80_crop,depth,missing,,
48,VID52_s15_80_crop,normal,missing,,
48,VID52_s15_2746_crop,rgb,missing,,
48,VID52_s15_2746_crop,depth,missing,,
48,VID52_s15_2746_crop,normal,missing,,
48,VID09_s15_832_crop,rgb,missing,,
48,VID09_s15_832_crop,depth,missing,,
48,VID09_s15_832_crop,normal,missing,,
48,VID17_s15_1563_crop,rgb,missing,,
48,VID17_s15_1563_crop,depth,missing,,
48,VID17_s15_1563_crop,normal,missing,,
48,VID20_s15_3260_crop,rgb,missing,,
48,VID20_s15_3260_crop,depth,missing,,
48,VID20_s15_3260_crop,normal,missing,,
48,VID24_s15_0_crop,rgb,missing,,
48,VID24_s15_0_crop,depth,missing,,
48,VID24_s15_0_crop,normal,missing,,
48,VID24_s15_9596_crop,rgb,missing,,
48,VID24_s15_9596_crop,depth,missing,,
48,VID24_s15_9596_crop,normal,missing,,
48,VID28_s15_0_crop,rgb,missing,,
48,VID28_s15_0_crop,depth,missing,,
48,VID28_s15_0_crop,normal,missing,,
48,VID37_s15_528_crop,rgb,missing,,
48,VID37_s15_528_crop,depth,missing,,
48,VID37_s15_528_crop,normal,missing,,
48,VID55_s15_508_crop,rgb,missing,,
48,VID55_s15_508_crop,depth,missing,,
48,VID55_s15_508_crop,normal,missing,,
