modality,basis,metric,gt_instances,nearest_pps,nearest_count,nearest_value,interp_value,interp_ci_low,interp_ci_high,boot_in_range,grid
depth,n_reg,f1@0.5,9.933280328966601,24,6.6556944798121265,0.4718541762723794,,,,0.0,specified
depth,n_reg,f1@0.75,9.933280328966601,24,6.6556944798121265,0.2858045109484913,,,,0.0,specified
depth,n_pred,f1@0.5,9.933280328966601,24,6.356540451197314,0.4718541762723794,,,,0.0,specified
depth,n_pred,f1@0.75,9.933280328966601,24,6.356540451197314,0.2858045109484913,,,,0.0,specified
normal,n_reg,f1@0.5,9.933280328966601,16,9.811621513925434,0.5750422574114666,,,,0.4367,specified
normal,n_reg,f1@0.75,9.933280328966601,16,9.811621513925434,0.38338787163004234,,,,0.4367,specified
normal,n_pred,f1@0.5,9.933280328966601,16,9.261197313942413,0.5750422574114666,,,,0.0949,specified
normal,n_pred,f1@0.75,9.933280328966601,16,9.261197313942413,0.38338787163004234,,,,0.0949,specified
rgb,n_reg,f1@0.5,9.933280328966601,8,12.201166331852605,0.5747317838243691,,,,0.0,specified
rgb,n_reg,f1@0.75,9.933280328966601,8,12.201166331852605,0.38156868250945314,,,,0.0,specified
rgb,n_pred,f1@0.5,9.933280328966601,8,11.393316498316496,0.5747317838243691,,,,0.0002,specified
rgb,n_pred,f1@0.75,9.933280328966601,8,11.393316498316496,0.38156868250945314,,,,0.0002,specified
depth,n_reg,f1@0.5,9.933280328966601,48,6.656870408095898,0.46616571748721325,,,,0.0,extended
depth,n_reg,f1@0.75,9.933280328966601,48,6.656870408095898,0.2871339313408319,,,,0.0,extended
depth,n_pred,f1@0.5,9.933280328966601,24,6.356540451197314,0.4718541762723794,,,,0.0,extended
depth,n_pred,f1@0.75,9.933280328966601,24,6.356540451197314,0.2858045109484913,,,,0.0,extended
normal,n_reg,f1@0.5,9.933280328966601,16,9.811621513925434,0.5750422574114666,,,,0.4461,extended
normal,n_reg,f1@0.75,9.933280328966601,16,9.811621513925434,0.38338787163004234,,,,0.4461,extended
normal,n_pred,f1@0.5,9.933280328966601,16,9.261197313942413,0.5750422574114666,,,,0.0955,extended
normal,n_pred,f1@0.75,9.933280328966601,16,9.261197313942413,0.38338787163004234,,,,0.0955,extended
rgb,n_reg,f1@0.5,9.933280328966601,6,10.100628860971996,0.5872664654794076,0.5857150794884537,0.5456144364559613,0.6237126917593484,1.0,extended
rgb,n_reg,f1@0.75,9.933280328966601,6,10.100628860971996,0.4042137153694121,0.4031769147243339,0.35667756920763977,0.44962426684502577,1.0,extended
rgb,n_pred,f1@0.5,9.933280328966601,6,9.591525738241424,0.5872664654794076,0.5848889502352349,0.5446298669643899,0.6235451348997193,1.0,extended
rgb,n_pred,f1@0.75,9.933280328966601,6,9.591525738241424,0.4042137153694121,0.39991851966273023,0.35205715432358936,0.4482489852789983,1.0,extended
