modality,pps,metric,n,mean,sd,ci_low,ci_high,ci_low_video,ci_high_video,in_specified_grid
depth,4,f1@0.5,27,0.43800635007685734,0.18554875044795363,0.3704496709221919,0.5081694530886569,0.3690246036938055,0.5230777082274397,False
depth,6,f1@0.5,27,0.4647843599644635,0.1853492919051868,0.3970483987410987,0.5343277324491513,0.39648753847906987,0.5468154351859237,False
depth,8,f1@0.5,27,0.47339602227891464,0.18235685131586404,0.40643222920742755,0.5408825528657029,0.41101047896711224,0.5450148862743184,True
depth,12,f1@0.5,27,0.4848784180434961,0.1788275957460449,0.4197383525461288,0.5519183182194468,0.4241446386261683,0.5549375463801507,True
depth,16,f1@0.5,27,0.4712743098802996,0.16399488752429114,0.41202396089231,0.5320440733678315,0.4120247229591452,0.5410803251505282,True
depth,24,f1@0.5,27,0.4718541762723793,0.1619244135134809,0.41310442179479145,0.5319329876556244,0.4131408056243145,0.544056641349755,True
depth,32,f1@0.5,27,0.4581900658118459,0.1548841113456996,0.4018972359508572,0.5165722521080975,0.40811248623759705,0.5181387016423497,True
depth,48,f1@0.5,27,0.46616571748721325,0.1765455139702012,0.4034117472518655,0.5303266159212452,0.4035369296192445,0.5412265120352209,False
normal,4,f1@0.5,27,0.5534908423716434,0.13904826538124285,0.5024722344281941,0.605307057900769,0.49330852971780254,0.6211116049467061,False
normal,6,f1@0.5,27,0.5871824682755982,0.16273766509610477,0.5265697246719874,0.6475626150427192,0.5185360686383984,0.652294722538467,False
normal,8,f1@0.5,27,0.5760414613161644,0.17336209533143523,0.5099059446035129,0.6381284507773618,0.505791616276999,0.6410681114348827,True
normal,12,f1@0.5,27,0.5777355999833177,0.17281626760455635,0.5129190728447637,0.6400392318334526,0.5129266486867398,0.6465128629189081,True
normal,16,f1@0.5,27,0.5750422574114665,0.1621992356260282,0.5136081961113236,0.6350447792137139,0.5134580746532278,0.6344448189432752,True
normal,24,f1@0.5,27,0.580416074393933,0.16195549213823937,0.5188412479517186,0.6382026931061424,0.518957967379743,0.6419383618716167,True
normal,32,f1@0.5,27,0.5583247795882275,0.17900385576819186,0.49133424876937326,0.6248407087293063,0.48839353509262307,0.6265655429934179,True
normal,48,f1@0.5,27,0.5448455359140402,0.16307291373600616,0.482849996614965,0.6044040465171745,0.48535935748839243,0.6052924554666674,False
rgb,4,f1@0.5,27,0.5614237977550665,0.12084470027394306,0.5170978720918413,0.606334365354328,0.5107912335974361,0.6241614168475965,False
rgb,6,f1@0.5,27,0.5872664654794076,0.10697965509947995,0.5480610075898397,0.6252818928967276,0.5434806221549356,0.6404225038873056,False
rgb,8,f1@0.5,27,0.5747317838243693,0.12019581437128642,0.5300509397966782,0.6197123354253836,0.5317768007799369,0.6262424967259761,True
rgb,12,f1@0.5,27,0.5790520334531083,0.109002421185216,0.5392074829558895,0.6178142783882418,0.5383505078823443,0.626472718563624,True
rgb,16,f1@0.5,27,0.5522442941189238,0.10476212226219751,0.5137055980638554,0.5914286292208372,0.5145866826701789,0.5976386010431636,True
rgb,24,f1@0.5,27,0.5515724560082513,0.12299018369154537,0.5057986486540683,0.5977965065032254,0.5035686802175058,0.607941330671572,True
rgb,32,f1@0.5,27,0.5478687774374423,0.125203324931917,0.5010026292612042,0.5941784572431554,0.5033842992067975,0.5993674340873186,True
rgb,48,f1@0.5,27,0.5514513774711371,0.1144416065769052,0.509041815981369,0.593497958283258,0.5086628088076196,0.6026851467600038,False
depth,4,f1@0.75,27,0.2604482164480885,0.15947578392443454,0.20222128623026336,0.3213075679434029,0.19572688772041102,0.3265834822167536,False
depth,6,f1@0.75,27,0.29023762304869183,0.14490579949684756,0.23788918744925802,0.34571958999441116,0.236963000127457,0.3487446048677713,False
depth,8,f1@0.75,27,0.2944398679377895,0.14329717494712935,0.24306747667404566,0.34701578141570677,0.24189242515970835,0.3484585384795727,True
depth,12,f1@0.75,27,0.2966579456789807,0.13193196302722446,0.24865007456897634,0.3457290400891299,0.2472401604507939,0.34793178359573773,True
depth,16,f1@0.75,27,0.2837725938547318,0.12793465755051645,0.23847618642106908,0.33322274444361244,0.23672333260038317,0.33659509221745154,True
depth,24,f1@0.75,27,0.2858045109484912,0.127058822795642,0.2394902113091423,0.3332574080901762,0.23786023502805637,0.3371111760899423,True
depth,32,f1@0.75,27,0.2842034294989112,0.1335754112037164,0.23616971040507645,0.3358812150471183,0.23658585956179373,0.3338924948494373,True
depth,48,f1@0.75,27,0.2871339313408319,0.1353403648036891,0.23930105252077183,0.3398652948879664,0.23509107942740445,0.3446948860065957,False
normal,4,f1@0.75,27,0.3798119937067116,0.14918790615456315,0.3265566471587619,0.43629158701096127,0.3213221725959022,0.442837492047431,False
normal,6,f1@0.75,27,0.39873970163082495,0.15668806456199966,0.33931915084786196,0.4557912919530994,0.32788208633273547,0.4634891816889265,False
normal,8,f1@0.75,27,0.39644179367424387,0.1596366295836683,0.3372246212406184,0.4546931775749646,0.32674114568271556,0.4629090350352021,True
normal,12,f1@0.75,27,0.38713034700110466,0.1559380386224893,0.3283192069229296,0.4452383273956933,0.3218825169418117,0.445781983177603,True
normal,16,f1@0.75,27,0.38338787163004245,0.14202106318666868,0.32967963895363395,0.4346408315000877,0.3243270451763201,0.4349718885974051,True
normal,24,f1@0.75,27,0.3893492929440293,0.14099676826601093,0.3374400437454913,0.44075281693027535,0.33095293544182314,0.44390493698585964,True
normal,32,f1@0.75,27,0.3713207926851272,0.1514426954798426,0.31524367105154893,0.4249452108053492,0.3079993624578598,0.4306170940997774,True
normal,48,f1@0.75,27,0.36106851448377963,0.14503130886759094,0.30790898430111735,0.41357478721419827,0.3048824214860055,0.41547904323723067,False
rgb,4,f1@0.75,27,0.38694290415713534,0.1348416606792549,0.3369899801006447,0.43716672984865157,0.32658102773903375,0.4534976860214516,False
rgb,6,f1@0.75,27,0.4042137153694121,0.12672295675113385,0.35803928341342306,0.45265182410926785,0.35396330848106294,0.4642566923820259,False
rgb,8,f1@0.75,27,0.3815686825094531,0.15135822364939966,0.32694250621922416,0.4374828212780748,0.3197095073676332,0.4523803280680628,True
rgb,12,f1@0.75,27,0.38614137414154065,0.13832756813496452,0.3358262479691238,0.43715231218844786,0.3284900403860427,0.45111870644285246,True
rgb,16,f1@0.75,27,0.364136491264535,0.12399250922155533,0.31786431494551864,0.4089215646840804,0.3183777927945284,0.41505192209881087,True
rgb,24,f1@0.75,27,0.3639157836418873,0.14745262406310497,0.3100918659392163,0.4192278210869881,0.30400716220365565,0.42969909788473415,True
rgb,32,f1@0.75,27,0.3639066277524301,0.1450139297635301,0.30940296469499656,0.4162855578590263,0.3103286552314028,0.424612255534852,True
rgb,48,f1@0.75,27,0.3703327356698711,0.13225609489947582,0.32128311994815123,0.4184468268145203,0.318111515766541,0.42975036645727493,False
depth,4,n_reg,27,4.678167458902753,1.497236608190383,4.121658711295966,5.224931615996567,4.056183778966132,5.192154608489817,False
depth,6,n_reg,27,5.353431985588848,1.7685845456471867,4.686434903422648,5.997437553051523,4.673861254109082,5.938815045336317,False
depth,8,n_reg,27,5.753721811957106,1.7665533201971015,5.068241054334192,6.408504103240622,5.046448060789973,6.350845678192225,True
depth,12,n_reg,27,6.141387521338503,1.9289246358372099,5.403498399022909,6.849371064755868,5.316761541028982,6.8206600346774025,True
depth,16,n_reg,27,6.507578021107433,2.0423184520012754,5.758869513882995,7.228520206146432,5.629992564713633,7.186700138372215,True
depth,24,n_reg,27,6.655694479812127,2.0384516149416667,5.886279125875941,7.394021658579257,5.816030107389703,7.2983020503656,True
depth,32,n_reg,27,6.371377948485792,2.2051917709508357,5.555037247474748,7.180528548203795,5.422632024044796,7.213067217652474,True
depth,48,n_reg,27,6.656870408095898,2.3764291784179825,5.773038954554887,7.528639433551199,5.619143746264054,7.5422504974750595,False
normal,4,n_reg,27,6.714490728951513,1.4405225064921698,6.172029036867273,7.252229333484235,6.186796142760625,7.204693960764592,False
normal,6,n_reg,27,7.655000966716654,1.7682692806823759,7.00633846282621,8.318887682261458,7.008807398854859,8.284383538895183,False
normal,8,n_reg,27,8.136598642824133,1.942667249183757,7.428751243763499,8.86081441339162,7.229078900878534,9.043284525532272,True
normal,12,n_reg,27,8.84376279131181,2.415211864304767,7.950011264606854,9.748647578728459,7.669677172047271,9.964687026918803,True
normal,16,n_reg,27,9.811621513925434,2.4550825654356907,8.88467916737402,10.70673488267361,8.875567984085928,10.693469796858137,True
normal,24,n_reg,27,9.418420856558113,2.6515828539125805,8.460312477600468,10.427077322595705,8.204851172675694,10.598383567484232,True
normal,32,n_reg,27,9.606419375831141,2.5447990188558824,8.676579230682174,10.539979935913758,8.508547314205401,10.674251587832103,True
normal,48,n_reg,27,9.54188332908921,2.634842189671208,8.582215972752739,10.53052177588207,8.383614976689975,10.671853792842894,False
rgb,4,n_reg,27,7.312971545520566,2.118935308442111,6.505122763583548,8.085350952333796,6.4423825270164885,8.113120963595229,False
rgb,6,n_reg,27,10.100628860971996,3.370017810866096,8.853600750738005,11.379706417583867,8.782326962865566,11.397981577368707,False
rgb,8,n_reg,27,12.201166331852606,3.7557192784808966,10.833822829721113,13.612101624909224,10.761495052868256,13.719462914995546,True
rgb,12,n_reg,27,14.157540932197795,4.491962233784648,12.469052828117782,15.844155162738494,12.533562142998615,15.793456801677928,True
rgb,16,n_reg,27,15.365474705033531,5.244520010728491,13.473142769902575,17.308654816724673,13.363629738632829,17.333818773129245,True
rgb,24,n_reg,27,15.770734185930266,5.22161159542364,13.874766002697374,17.728746168501072,13.790324396201902,17.803072986694676,True
rgb,32,n_reg,27,15.893307349875977,5.545419765030428,13.901020045812936,17.94380718364787,13.988225130301386,17.598504342998954,True
rgb,48,n_reg,27,16.33187003084062,5.827429494763127,14.204913771821863,18.67425442980223,14.294318935415076,18.14692908854373,False
depth,4,n_pred,27,4.533490719520131,1.4819910906002267,3.9933883489422706,5.087799163436418,3.9028059243668345,5.071801230484357,False
depth,6,n_pred,27,5.217255184902244,1.7533930874833479,4.565897437257731,5.862871383654472,4.548469378899287,5.827001744334097,False
depth,8,n_pred,27,5.587763111978798,1.7606894823938175,4.93235033634666,6.2243855159909085,4.877969919786097,6.19176787239517,True
depth,12,n_pred,27,5.904645450772902,1.8866237839927857,5.19522881181092,6.591154560898433,5.093548204603811,6.577446832220349,True
depth,16,n_pred,27,6.300363108206245,1.9521375583970304,5.570368464052287,7.0271670173961835,5.447113059066602,6.940598987083837,True
depth,24,n_pred,27,6.356540451197315,1.8855700037287941,5.647199977718362,7.036093663643909,5.569984752882847,6.965606468344914,True
depth,32,n_pred,27,6.035520824491413,2.032023689650662,5.257958469498911,6.781753105871979,5.1975156676306895,6.76769426892411,True
depth,48,n_pred,27,6.337841227400052,2.1356176013378554,5.513874755962991,7.0962988463061984,5.394365474252944,7.074179227957917,False
normal,4,n_pred,27,6.5259708193041535,1.4404942357646964,5.995362815243942,7.053571734501881,5.984728061573956,7.020307557932263,False
normal,6,n_pred,27,7.429634934781994,1.7042503536414686,6.814659805925738,8.072867402432351,6.784450347066726,8.065491089180428,False
normal,8,n_pred,27,7.835458365164248,1.9416617482079948,7.139347422639088,8.59105931278235,6.93693940970794,8.73785073656673,True
normal,12,n_pred,27,8.49079888521065,2.334582379499188,7.637707090748758,9.367195955233944,7.359359065718174,9.592677997619502,True
normal,16,n_pred,27,9.261197313942413,2.4259577402484296,8.363714510299069,10.16151763963161,8.331857187425548,10.137053635587758,True
normal,24,n_pred,27,8.873314635618557,2.5219728674067015,7.958169908114762,9.827400684010977,7.702710818073786,9.982582286778346,True
normal,32,n_pred,27,9.106748059493158,2.4486847555857514,8.207318643366438,10.006356192645407,8.068866169536792,10.12146989719641,True
normal,48,n_pred,27,8.915362801686332,2.4801824527502787,8.038778786346189,9.868539512185345,7.796304136850173,10.020084799422301,False
rgb,4,n_pred,27,7.093271109790718,2.0139156636300894,6.329380425991945,7.830433885422854,6.288737828388931,7.843419209539614,False
rgb,6,n_pred,27,9.591525738241424,3.1396607968430708,8.43489140765734,10.758347271736977,8.37187840381368,10.834367413639436,False
rgb,8,n_pred,27,11.393316498316496,3.431327039384531,10.121967212979468,12.672525768303954,10.031870058840035,12.743547743804266,True
rgb,12,n_pred,27,12.816606588763452,3.9459473811265506,11.39229982009639,14.332513950782332,11.400965138113877,14.15183807486631,True
rgb,16,n_pred,27,13.846883140461571,4.618099046617873,12.181906767252357,15.599758508285468,12.08647262259799,15.43797801993272,True
rgb,24,n_pred,27,14.235994987220476,4.6459871210173285,12.550295766370523,15.957850394703335,12.47320721415839,15.952074726012663,True
rgb,32,n_pred,27,14.205351531184865,4.877683819026086,12.458523681021232,16.09508037187939,12.554075817533622,15.667130876886803,True
rgb,48,n_pred,27,14.53671167793717,5.184773234241843,12.760041321831762,16.48225544898094,12.683089814384251,16.098836624239134,False
depth,4,n_gt,27,9.933280328966601,3.1135362262289092,8.773891487234625,11.095030114402661,8.741438587220731,10.939704027539046,False
depth,6,n_gt,27,9.933280328966601,3.1135362262289092,8.773891487234625,11.095030114402661,8.741438587220731,10.939704027539046,False
depth,8,n_gt,27,9.933280328966601,3.1135362262289092,8.773891487234625,11.095030114402661,8.741438587220731,10.939704027539046,True
depth,12,n_gt,27,9.933280328966601,3.1135362262289092,8.773891487234625,11.095030114402661,8.741438587220731,10.939704027539046,True
depth,16,n_gt,27,9.933280328966601,3.1135362262289092,8.773891487234625,11.095030114402661,8.741438587220731,10.939704027539046,True
depth,24,n_gt,27,9.933280328966601,3.1135362262289092,8.773891487234625,11.095030114402661,8.741438587220731,10.939704027539046,True
depth,32,n_gt,27,9.933280328966601,3.1135362262289092,8.773891487234625,11.095030114402661,8.741438587220731,10.939704027539046,True
depth,48,n_gt,27,9.933280328966601,3.1135362262289092,8.773891487234625,11.095030114402661,8.741438587220731,10.939704027539046,False
normal,4,n_gt,27,9.933280328966601,3.1135362262289092,8.773891487234625,11.095030114402661,8.741438587220731,10.939704027539046,False
normal,6,n_gt,27,9.933280328966601,3.1135362262289092,8.773891487234625,11.095030114402661,8.741438587220731,10.939704027539046,False
normal,8,n_gt,27,9.933280328966601,3.1135362262289092,8.773891487234625,11.095030114402661,8.741438587220731,10.939704027539046,True
normal,12,n_gt,27,9.933280328966601,3.1135362262289092,8.773891487234625,11.095030114402661,8.741438587220731,10.939704027539046,True
normal,16,n_gt,27,9.933280328966601,3.1135362262289092,8.773891487234625,11.095030114402661,8.741438587220731,10.939704027539046,True
normal,24,n_gt,27,9.933280328966601,3.1135362262289092,8.773891487234625,11.095030114402661,8.741438587220731,10.939704027539046,True
normal,32,n_gt,27,9.933280328966601,3.1135362262289092,8.773891487234625,11.095030114402661,8.741438587220731,10.939704027539046,True
normal,48,n_gt,27,9.933280328966601,3.1135362262289092,8.773891487234625,11.095030114402661,8.741438587220731,10.939704027539046,False
rgb,4,n_gt,27,9.933280328966601,3.1135362262289092,8.773891487234625,11.095030114402661,8.741438587220731,10.939704027539046,False
rgb,6,n_gt,27,9.933280328966601,3.1135362262289092,8.773891487234625,11.095030114402661,8.741438587220731,10.939704027539046,False
rgb,8,n_gt,27,9.933280328966601,3.1135362262289092,8.773891487234625,11.095030114402661,8.741438587220731,10.939704027539046,True
rgb,12,n_gt,27,9.933280328966601,3.1135362262289092,8.773891487234625,11.095030114402661,8.741438587220731,10.939704027539046,True
rgb,16,n_gt,27,9.933280328966601,3.1135362262289092,8.773891487234625,11.095030114402661,8.741438587220731,10.939704027539046,True
rgb,24,n_gt,27,9.933280328966601,3.1135362262289092,8.773891487234625,11.095030114402661,8.741438587220731,10.939704027539046,True
rgb,32,n_gt,27,9.933280328966601,3.1135362262289092,8.773891487234625,11.095030114402661,8.741438587220731,10.939704027539046,True
rgb,48,n_gt,27,9.933280328966601,3.1135362262289092,8.773891487234625,11.095030114402661,8.741438587220731,10.939704027539046,False
depth,4,miou,27,0.39085281789567233,0.152887803270007,0.3343671584436575,0.4480947529978267,0.3256477569957035,0.4624076427904706,False
depth,6,miou,27,0.44743631851710264,0.1454657985178163,0.39480828411770186,0.5007361024135266,0.39220223775772534,0.5122283070282692,False
depth,8,miou,27,0.4553614037550836,0.15198485453583235,0.40082719252082555,0.511215673995336,0.40316521434666264,0.5142582580776106,True
depth,12,miou,27,0.46828271473392946,0.15274349568182494,0.41153178609803964,0.5255424846908034,0.4177694967873449,0.5231284424831651,True
depth,16,miou,27,0.4658431001364086,0.147768271716822,0.4117949284530758,0.5208944136658852,0.4110954220408854,0.5278266694870319,True
depth,24,miou,27,0.46931186449084383,0.147476956576308,0.4153570520017693,0.5234744015883048,0.41107456193290665,0.5370183404273066,True
depth,32,miou,27,0.45778072329535635,0.14653359426161294,0.40441540506393364,0.5114705156822393,0.40263913103835136,0.5114390526137274,True
depth,48,miou,27,0.46310396989596886,0.1504310138264379,0.4074566455389319,0.5185641242106205,0.41264253466708706,0.519575656446513,False
normal,4,miou,27,0.581153350011279,0.14426178812848084,0.5276340978073568,0.6330630604842223,0.5218469346214167,0.6488160412067467,False
normal,6,miou,27,0.6213405721757937,0.13688140651743966,0.5694690433604375,0.6712100384865969,0.5656665775079653,0.6790376208151928,False
normal,8,miou,27,0.616457507846134,0.1493176721974647,0.5608101498601221,0.6711228404338033,0.5558759074773761,0.6812295028117383,True
normal,12,miou,27,0.6465349597848927,0.15012088001525914,0.5909784022144898,0.7016703671379554,0.5880364997025461,0.7117734516916653,True
normal,16,miou,27,0.6560692100045935,0.14917428338466404,0.5977516031907213,0.7104453032176532,0.600902494432914,0.714278242556342,True
normal,24,miou,27,0.6457704042740131,0.15059675220895224,0.5895458279825149,0.7008962998655345,0.5844131555867851,0.705947619246965,True
normal,32,miou,27,0.6485218617626665,0.15576347520743578,0.5895518005018255,0.7048843392812726,0.5862438513114602,0.708586691634494,True
normal,48,miou,27,0.6292787923204258,0.14686544316471525,0.574576549007662,0.683598174862067,0.576898346964929,0.6824074944096497,False
rgb,4,miou,27,0.5929085781880586,0.1644062406273122,0.531446878499644,0.6520848757870579,0.5227414597712347,0.675072908587831,False
rgb,6,miou,27,0.6925705364334328,0.11739346068482942,0.6481707956275503,0.7355119271481326,0.63743442638949,0.7548115192539687,False
rgb,8,miou,27,0.7318763345557707,0.13892273645111458,0.6787831690210703,0.7802587123661777,0.6705934982900885,0.796232346929349,True
rgb,12,miou,27,0.7568819587266673,0.12717376013509107,0.7092741133908164,0.8024683547083148,0.6939854438184104,0.8217704318697203,True
rgb,16,miou,27,0.7476199251605258,0.1375109205795703,0.6959928066056755,0.7974105951407663,0.6844829309513799,0.81204673720595,True
rgb,24,miou,27,0.7570686082690529,0.12864709494806006,0.7090893055442282,0.8027615651529295,0.6975364284723173,0.8194443451519222,True
rgb,32,miou,27,0.7495586688761433,0.13891436363152496,0.696647707861697,0.7995142461976184,0.6840163126860472,0.8146462114169188,True
rgb,48,miou,27,0.7630217000728945,0.11634411457222542,0.7201894856217361,0.8053198885290465,0.708504582701846,0.8231397073197265,False
