video_id,clip_id,seed_frame,frame_list,n_annotated,first_frame,last_frame,clip,reason
VID01,video01_00080,119,-106 -91 -76 -61 -46 -31 -16 -1 14 29 44 59 74 89 104 119 134 149 164 179 194 209 224 239 254 269 284 299 314 329,16,-106,329,VID01_s15_-106_crop,starts before the first frame of the video
VID01,video01_00160,199,-26 -11 4 19 34 49 64 79 94 109 124 139 154 169 184 199 214 229 244 259 274 289 304 319 334 349 364 379 394 409,17,-26,409,VID01_s15_-26_crop,starts before the first frame of the video
VID24,video24_00000,39,-186 -171 -156 -141 -126 -111 -96 -81 -66 -51 -36 -21 -6 9 24 39 54 69 84 99 114 129 144 159 174 189 204 219 234 249,17,-186,249,VID24_s15_-186_crop,starts before the first frame of the video
VID24,video24_00080,119,-106 -91 -76 -61 -46 -31 -16 -1 14 29 44 59 74 89 104 119 134 149 164 179 194 209 224 239 254 269 284 299 314 329,21,-106,329,VID24_s15_-106_crop,starts before the first frame of the video
VID24,video24_00160,199,-26 -11 4 19 34 49 64 79 94 109 124 139 154 169 184 199 214 229 244 259 274 289 304 319 334 349 364 379 394 409,23,-26,409,VID24_s15_-26_crop,starts before the first frame of the video
VID25,video25_00162,201,-24 -9 6 21 36 51 66 81 96 111 126 141 156 171 186 201 216 231 246 261 276 291 306 321 336 351 366 381 396 411,12,-24,411,VID25_s15_-24_crop,starts before the first frame of the video
VID27,video27_00160,199,-26 -11 4 19 34 49 64 79 94 109 124 139 154 169 184 199 214 229 244 259 274 289 304 319 334 349 364 379 394 409,12,-26,409,VID27_s15_-26_crop,starts before the first frame of the video
VID28,video28_00000,39,-186 -171 -156 -141 -126 -111 -96 -81 -66 -51 -36 -21 -6 9 24 39 54 69 84 99 114 129 144 159 174 189 204 219 234 249,17,-186,249,VID28_s15_-186_crop,starts before the first frame of the video
VID28,video28_00080,119,-106 -91 -76 -61 -46 -31 -16 -1 14 29 44 59 74 89 104 119 134 149 164 179 194 209 224 239 254 269 284 299 314 329,22,-106,329,VID28_s15_-106_crop,starts before the first frame of the video
VID28,video28_00160,199,-26 -11 4 19 34 49 64 79 94 109 124 139 154 169 184 199 214 229 244 259 274 289 304 319 334 349 364 379 394 409,28,-26,409,VID28_s15_-26_crop,starts before the first frame of the video
VID43,video43_00067,106,-119 -104 -89 -74 -59 -44 -29 -14 1 16 31 46 61 76 91 106 121 136 151 166 181 196 211 226 241 256 271 286 301 316,12,-119,316,VID43_s15_-119_crop,starts before the first frame of the video
VID43,video43_00147,186,-39 -24 -9 6 21 36 51 66 81 96 111 126 141 156 171 186 201 216 231 246 261 276 291 306 321 336 351 366 381 396,16,-39,396,VID43_s15_-39_crop,starts before the first frame of the video
VID52,video52_00000,39,-186 -171 -156 -141 -126 -111 -96 -81 -66 -51 -36 -21 -6 9 24 39 54 69 84 99 114 129 144 159 174 189 204 219 234 249,17,-186,249,VID52_s15_-186_crop,starts before the first frame of the video
VID52,video52_00080,119,-106 -91 -76 -61 -46 -31 -16 -1 14 29 44 59 74 89 104 119 134 149 164 179 194 209 224 239 254 269 284 299 314 329,22,-106,329,VID52_s15_-106_crop,starts before the first frame of the video
VID52,video52_00160,199,-26 -11 4 19 34 49 64 79 94 109 124 139 154 169 184 199 214 229 244 259 274 289 304 319 334 349 364 379 394 409,28,-26,409,VID52_s15_-26_crop,starts before the first frame of the video
