legacy_clip,legacy_seed_frame,legacy_n_annotated,clips_covered,windows_in_covered_clips,nearest_window_id,nearest_seed_frame,seed_distance
VID01_s15_80_crop,305,21,video01_00080 video01_00160 video01_00240 video01_00400,W000 W001,W000,279,26
VID01_s15_240_crop,465,11,video01_00240 video01_00400,W000 W001,W001,439,26
VID01_s15_14859_crop,15084,22,video01_14859 video01_14939 video01_15019 video01_15099,W002 W003 W004 W005,W004,15058,26
VID01_s15_16345_crop,16570,17,video01_16345 video01_16425 video01_16585,W006 W007 W008,W008,16624,54
VID12_s15_15750_crop,15975,11,video12_15750 video12_15830,W017 W018,W018,15869,106
VID12_s15_19500_crop,19725,25,video12_19500 video12_19580 video12_19660 video12_19740 video12_19900,W019 W020 W021 W022 W023,W021,19699,26
VID12_s15_19900_crop,20125,11,video12_19900 video12_19980,W023 W024,W024,20019,106
VID25_s15_162_crop,387,22,video25_00162 video25_00242 video25_00402 video25_00482,W042 W043 W044,W043,441,54
VID25_s15_402_crop,627,11,video25_00402 video25_00482,W043 W044,W044,521,106
VID18_s15_979_crop,1204,11,video18_00979 video18_01139,W029 W030,W030,1178,26
VID26_s15_1855_crop,2080,22,video26_01855 video26_01935 video26_02095 video26_02175,W045 W046 W047 W048,W047,2134,54
VID27_s15_160_crop,385,22,video27_00160 video27_00240 video27_00400 video27_00480,W049 W050 W051,W050,439,54
VID27_s15_400_crop,625,17,video27_00400 video27_00480 video27_00640,W050 W051 W052,W052,679,54
VID35_s15_780_crop,1005,16,video35_00780 video35_00940 video35_01100,W057 W058 W059,W058,979,26
VID43_s15_67_crop,292,25,video43_00067 video43_00147 video43_00307 video43_00387 video43_00467,W066 W067 W068,W066,346,54
VID43_s15_387_crop,612,30,video43_00387 video43_00467 video43_00547 video43_00627 video43_00707 video43_00787,W067 W068 W069 W070 W071 W072,W069,586,26
VID48_s15_561_crop,786,17,video48_00561 video48_00641 video48_00801,W073 W074 W075,W075,840,54
VID52_s15_80_crop,305,30,video52_00080 video52_00160 video52_00240 video52_00320 video52_00400 video52_00480,W076 W077 W078 W079,W076,279,26
VID52_s15_2746_crop,2971,16,video52_02746 video52_02826 video52_02906,W080 W081 W082,W082,2945,26
VID09_s15_832_crop,1057,16,video09_00832 video09_00912 video09_00992,W014 W015 W016,W016,1031,26
VID17_s15_1563_crop,1788,20,video17_01563 video17_01643 video17_01803 video17_01963,W025 W026 W027 W028,W027,1842,54
VID20_s15_3260_crop,3485,11,video20_03260 video20_03340,W031 W032,W032,3379,106
VID24_s15_0_crop,225,25,video24_00000 video24_00080 video24_00160 video24_00240 video24_00400,W033 W034,W033,279,54
VID24_s15_9596_crop,9821,22,video24_09596 video24_09676 video24_09836 video24_09916,W037 W038 W039 W040,W039,9875,54
VID28_s15_0_crop,225,30,video28_00000 video28_00080 video28_00160 video28_00240 video28_00320 video28_00400,W053 W054 W055,W053,279,54
VID37_s15_528_crop,753,25,video37_00528 video37_00688 video37_00768 video37_00848 video37_00928,W060 W061 W062 W063 W064,W061,727,26
VID55_s15_508_crop,733,16,video55_00508 video55_00588 video55_00668,W083 W084 W085,W085,707,26
