window_id,video_id,clip_id,seed_frame,frame_list,n_annotated,first_frame,last_frame,clip
W000,VID01,video01_00240,279,54 69 84 99 114 129 144 159 174 189 204 219 234 249 264 279 294 309 324 339 354 369 384 399 414 429 444 459 474 489,21,54,489,VID01_s15_54_crop
W001,VID01,video01_00400,439,214 229 244 259 274 289 304 319 334 349 364 379 394 409 424 439 454 469 484 499 514 529 544 559 574 589 604 619 634 649,13,214,649,VID01_s15_214_crop
W002,VID01,video01_14859,14898,14673 14688 14703 14718 14733 14748 14763 14778 14793 14808 14823 14838 14853 14868 14883 14898 14913 14928 14943 14958 14973 14988 15003 15018 15033 15048 15063 15078 15093 15108,17,14673,15108,VID01_s15_14673_crop
W003,VID01,video01_14939,14978,14753 14768 14783 14798 14813 14828 14843 14858 14873 14888 14903 14918 14933 14948 14963 14978 14993 15008 15023 15038 15053 15068 15083 15098 15113 15128 15143 15158 15173 15188,21,14753,15188,VID01_s15_14753_crop
W004,VID01,video01_15019,15058,14833 14848 14863 14878 14893 14908 14923 14938 14953 14968 14983 14998 15013 15028 15043 15058 15073 15088 15103 15118 15133 15148 15163 15178 15193 15208 15223 15238 15253 15268,22,14833,15268,VID01_s15_14833_crop
W005,VID01,video01_15099,15138,14913 14928 14943 14958 14973 14988 15003 15018 15033 15048 15063 15078 15093 15108 15123 15138 15153 15168 15183 15198 15213 15228 15243 15258 15273 15288 15303 15318 15333 15348,18,14913,15348,VID01_s15_14913_crop
W006,VID01,video01_16345,16384,16159 16174 16189 16204 16219 16234 16249 16264 16279 16294 16309 16324 16339 16354 16369 16384 16399 16414 16429 16444 16459 16474 16489 16504 16519 16534 16549 16564 16579 16594,12,16159,16594,VID01_s15_16159_crop
W007,VID01,video01_16425,16464,16239 16254 16269 16284 16299 16314 16329 16344 16359 16374 16389 16404 16419 16434 16449 16464 16479 16494 16509 16524 16539 16554 16569 16584 16599 16614 16629 16644 16659 16674,15,16239,16674,VID01_s15_16239_crop
W008,VID01,video01_16585,16624,16399 16414 16429 16444 16459 16474 16489 16504 16519 16534 16549 16564 16579 16594 16609 16624 16639 16654 16669 16684 16699 16714 16729 16744 16759 16774 16789 16804 16819 16834,13,16399,16834,VID01_s15_16399_crop
W009,VID01,video01_28580,28619,28394 28409 28424 28439 28454 28469 28484 28499 28514 28529 28544 28559 28574 28589 28604 28619 28634 28649 28664 28679 28694 28709 28724 28739 28754 28769 28784 28799 28814 28829,17,28394,28829,VID01_s15_28394_crop
W010,VID01,video01_28660,28699,28474 28489 28504 28519 28534 28549 28564 28579 28594 28609 28624 28639 28654 28669 28684 28699 28714 28729 28744 28759 28774 28789 28804 28819 28834 28849 28864 28879 28894 28909,22,28474,28909,VID01_s15_28474_crop
W011,VID01,video01_28740,28779,28554 28569 28584 28599 28614 28629 28644 28659 28674 28689 28704 28719 28734 28749 28764 28779 28794 28809 28824 28839 28854 28869 28884 28899 28914 28929 28944 28959 28974 28989,27,28554,28989,VID01_s15_28554_crop
W012,VID01,video01_28820,28859,28634 28649 28664 28679 28694 28709 28724 28739 28754 28769 28784 28799 28814 28829 28844 28859 28874 28889 28904 28919 28934 28949 28964 28979 28994 29009 29024 29039 29054 29069,24,28634,29069,VID01_s15_28634_crop
W013,VID01,video01_28900,28939,28714 28729 28744 28759 28774 28789 28804 28819 28834 28849 28864 28879 28894 28909 28924 28939 28954 28969 28984 28999 29014 29029 29044 29059 29074 29089 29104 29119 29134 29149,18,28714,29149,VID01_s15_28714_crop
W014,VID09,video09_00832,871,646 661 676 691 706 721 736 751 766 781 796 811 826 841 856 871 886 901 916 931 946 961 976 991 1006 1021 1036 1051 1066 1081,16,646,1081,VID09_s15_646_crop
W015,VID09,video09_00912,951,726 741 756 771 786 801 816 831 846 861 876 891 906 921 936 951 966 981 996 1011 1026 1041 1056 1071 1086 1101 1116 1131 1146 1161,16,726,1161,VID09_s15_726_crop
W016,VID09,video09_00992,1031,806 821 836 851 866 881 896 911 926 941 956 971 986 1001 1016 1031 1046 1061 1076 1091 1106 1121 1136 1151 1166 1181 1196 1211 1226 1241,16,806,1241,VID09_s15_806_crop
W017,VID12,video12_15750,15789,15564 15579 15594 15609 15624 15639 15654 15669 15684 15699 15714 15729 15744 15759 15774 15789 15804 15819 15834 15849 15864 15879 15894 15909 15924 15939 15954 15969 15984 15999,11,15564,15999,VID12_s15_15564_crop
W018,VID12,video12_15830,15869,15644 15659 15674 15689 15704 15719 15734 15749 15764 15779 15794 15809 15824 15839 15854 15869 15884 15899 15914 15929 15944 15959 15974 15989 16004 16019 16034 16049 16064 16079,10,15644,16079,VID12_s15_15644_crop
W019,VID12,video12_19500,19539,19314 19329 19344 19359 19374 19389 19404 19419 19434 19449 19464 19479 19494 19509 19524 19539 19554 19569 19584 19599 19614 19629 19644 19659 19674 19689 19704 19719 19734 19749,17,19314,19749,VID12_s15_19314_crop
W020,VID12,video12_19580,19619,19394 19409 19424 19439 19454 19469 19484 19499 19514 19529 19544 19559 19574 19589 19604 19619 19634 19649 19664 19679 19694 19709 19724 19739 19754 19769 19784 19799 19814 19829,21,19394,19829,VID12_s15_19394_crop
W021,VID12,video12_19660,19699,19474 19489 19504 19519 19534 19549 19564 19579 19594 19609 19624 19639 19654 19669 19684 19699 19714 19729 19744 19759 19774 19789 19804 19819 19834 19849 19864 19879 19894 19909,23,19474,19909,VID12_s15_19474_crop
W022,VID12,video12_19740,19779,19554 19569 19584 19599 19614 19629 19644 19659 19674 19689 19704 19719 19734 19749 19764 19779 19794 19809 19824 19839 19854 19869 19884 19899 19914 19929 19944 19959 19974 19989,24,19554,19989,VID12_s15_19554_crop
W023,VID12,video12_19900,19939,19714 19729 19744 19759 19774 19789 19804 19819 19834 19849 19864 19879 19894 19909 19924 19939 19954 19969 19984 19999 20014 20029 20044 20059 20074 20089 20104 20119 20134 20149,19,19714,20149,VID12_s15_19714_crop
W024,VID12,video12_19980,20019,19794 19809 19824 19839 19854 19869 19884 19899 19914 19929 19944 19959 19974 19989 20004 20019 20034 20049 20064 20079 20094 20109 20124 20139 20154 20169 20184 20199 20214 20229,12,19794,20229,VID12_s15_19794_crop
W025,VID17,video17_01563,1602,1377 1392 1407 1422 1437 1452 1467 1482 1497 1512 1527 1542 1557 1572 1587 1602 1617 1632 1647 1662 1677 1692 1707 1722 1737 1752 1767 1782 1797 1812,12,1377,1812,VID17_s15_1377_crop
W026,VID17,video17_01643,1682,1457 1472 1487 1502 1517 1532 1547 1562 1577 1592 1607 1622 1637 1652 1667 1682 1697 1712 1727 1742 1757 1772 1787 1802 1817 1832 1847 1862 1877 1892,15,1457,1892,VID17_s15_1457_crop
W027,VID17,video17_01803,1842,1617 1632 1647 1662 1677 1692 1707 1722 1737 1752 1767 1782 1797 1812 1827 1842 1857 1872 1887 1902 1917 1932 1947 1962 1977 1992 2007 2022 2037 2052,18,1617,2052,VID17_s15_1617_crop
W028,VID17,video17_01963,2002,1777 1792 1807 1822 1837 1852 1867 1882 1897 1912 1927 1942 1957 1972 1987 2002 2017 2032 2047 2062 2077 2092 2107 2122 2137 2152 2167 2182 2197 2212,11,1777,2212,VID17_s15_1777_crop
W029,VID18,video18_00979,1018,793 808 823 838 853 868 883 898 913 928 943 958 973 988 1003 1018 1033 1048 1063 1078 1093 1108 1123 1138 1153 1168 1183 1198 1213 1228,10,793,1228,VID18_s15_793_crop
W030,VID18,video18_01139,1178,953 968 983 998 1013 1028 1043 1058 1073 1088 1103 1118 1133 1148 1163 1178 1193 1208 1223 1238 1253 1268 1283 1298 1313 1328 1343 1358 1373 1388,11,953,1388,VID18_s15_953_crop
W031,VID20,video20_03260,3299,3074 3089 3104 3119 3134 3149 3164 3179 3194 3209 3224 3239 3254 3269 3284 3299 3314 3329 3344 3359 3374 3389 3404 3419 3434 3449 3464 3479 3494 3509,11,3074,3509,VID20_s15_3074_crop
W032,VID20,video20_03340,3379,3154 3169 3184 3199 3214 3229 3244 3259 3274 3289 3304 3319 3334 3349 3364 3379 3394 3409 3424 3439 3454 3469 3484 3499 3514 3529 3544 3559 3574 3589,10,3154,3589,VID20_s15_3154_crop
W033,VID24,video24_00240,279,54 69 84 99 114 129 144 159 174 189 204 219 234 249 264 279 294 309 324 339 354 369 384 399 414 429 444 459 474 489,24,54,489,VID24_s15_54_crop
W034,VID24,video24_00400,439,214 229 244 259 274 289 304 319 334 349 364 379 394 409 424 439 454 469 484 499 514 529 544 559 574 589 604 619 634 649,24,214,649,VID24_s15_214_crop
W035,VID24,video24_00480,519,294 309 324 339 354 369 384 399 414 429 444 459 474 489 504 519 534 549 564 579 594 609 624 639 654 669 684 699 714 729,18,294,729,VID24_s15_294_crop
W036,VID24,video24_00560,599,374 389 404 419 434 449 464 479 494 509 524 539 554 569 584 599 614 629 644 659 674 689 704 719 734 749 764 779 794 809,16,374,809,VID24_s15_374_crop
W037,VID24,video24_09596,9635,9410 9425 9440 9455 9470 9485 9500 9515 9530 9545 9560 9575 9590 9605 9620 9635 9650 9665 9680 9695 9710 9725 9740 9755 9770 9785 9800 9815 9830 9845,12,9410,9845,VID24_s15_9410_crop
W038,VID24,video24_09676,9715,9490 9505 9520 9535 9550 9565 9580 9595 9610 9625 9640 9655 9670 9685 9700 9715 9730 9745 9760 9775 9790 9805 9820 9835 9850 9865 9880 9895 9910 9925,16,9490,9925,VID24_s15_9490_crop
W039,VID24,video24_09836,9875,9650 9665 9680 9695 9710 9725 9740 9755 9770 9785 9800 9815 9830 9845 9860 9875 9890 9905 9920 9935 9950 9965 9980 9995 10010 10025 10040 10055 10070 10085,20,9650,10085,VID24_s15_9650_crop
W040,VID24,video24_09916,9955,9730 9745 9760 9775 9790 9805 9820 9835 9850 9865 9880 9895 9910 9925 9940 9955 9970 9985 10000 10015 10030 10045 10060 10075 10090 10105 10120 10135 10150 10165,17,9730,10165,VID24_s15_9730_crop
W041,VID24,video24_10076,10115,9890 9905 9920 9935 9950 9965 9980 9995 10010 10025 10040 10055 10070 10085 10100 10115 10130 10145 10160 10175 10190 10205 10220 10235 10250 10265 10280 10295 10310 10325,13,9890,10325,VID24_s15_9890_crop
W042,VID25,video25_00242,281,56 71 86 101 116 131 146 161 176 191 206 221 236 251 266 281 296 311 326 341 356 371 386 401 416 431 446 461 476 491,16,56,491,VID25_s15_56_crop
W043,VID25,video25_00402,441,216 231 246 261 276 291 306 321 336 351 366 381 396 411 426 441 456 471 486 501 516 531 546 561 576 591 606 621 636 651,19,216,651,VID25_s15_216_crop
W044,VID25,video25_00482,521,296 311 326 341 356 371 386 401 416 431 446 461 476 491 506 521 536 551 566 581 596 611 626 641 656 671 686 701 716 731,12,296,731,VID25_s15_296_crop
W045,VID26,video26_01855,1894,1669 1684 1699 1714 1729 1744 1759 1774 1789 1804 1819 1834 1849 1864 1879 1894 1909 1924 1939 1954 1969 1984 1999 2014 2029 2044 2059 2074 2089 2104,12,1669,2104,VID26_s15_1669_crop
W046,VID26,video26_01935,1974,1749 1764 1779 1794 1809 1824 1839 1854 1869 1884 1899 1914 1929 1944 1959 1974 1989 2004 2019 2034 2049 2064 2079 2094 2109 2124 2139 2154 2169 2184,16,1749,2184,VID26_s15_1749_crop
W047,VID26,video26_02095,2134,1909 1924 1939 1954 1969 1984 1999 2014 2029 2044 2059 2074 2089 2104 2119 2134 2149 2164 2179 2194 2209 2224 2239 2254 2269 2284 2299 2314 2329 2344,19,1909,2344,VID26_s15_1909_crop
W048,VID26,video26_02175,2214,1989 2004 2019 2034 2049 2064 2079 2094 2109 2124 2139 2154 2169 2184 2199 2214 2229 2244 2259 2274 2289 2304 2319 2334 2349 2364 2379 2394 2409 2424,12,1989,2424,VID26_s15_1989_crop
W049,VID27,video27_00240,279,54 69 84 99 114 129 144 159 174 189 204 219 234 249 264 279 294 309 324 339 354 369 384 399 414 429 444 459 474 489,16,54,489,VID27_s15_54_crop
W050,VID27,video27_00400,439,214 229 244 259 274 289 304 319 334 349 364 379 394 409 424 439 454 469 484 499 514 529 544 559 574 589 604 619 634 649,20,214,649,VID27_s15_214_crop
W051,VID27,video27_00480,519,294 309 324 339 354 369 384 399 414 429 444 459 474 489 504 519 534 549 564 579 594 609 624 639 654 669 684 699 714 729,17,294,729,VID27_s15_294_crop
W052,VID27,video27_00640,679,454 469 484 499 514 529 544 559 574 589 604 619 634 649 664 679 694 709 724 739 754 769 784 799 814 829 844 859 874 889,13,454,889,VID27_s15_454_crop
W053,VID28,video28_00240,279,54 69 84 99 114 129 144 159 174 189 204 219 234 249 264 279 294 309 324 339 354 369 384 399 414 429 444 459 474 489,30,54,489,VID28_s15_54_crop
W054,VID28,video28_00320,359,134 149 164 179 194 209 224 239 254 269 284 299 314 329 344 359 374 389 404 419 434 449 464 479 494 509 524 539 554 569,29,134,569,VID28_s15_134_crop
W055,VID28,video28_00400,439,214 229 244 259 274 289 304 319 334 349 364 379 394 409 424 439 454 469 484 499 514 529 544 559 574 589 604 619 634 649,24,214,649,VID28_s15_214_crop
W056,VID28,video28_00480,519,294 309 324 339 354 369 384 399 414 429 444 459 474 489 504 519 534 549 564 579 594 609 624 639 654 669 684 699 714 729,18,294,729,VID28_s15_294_crop
W057,VID35,video35_00780,819,594 609 624 639 654 669 684 699 714 729 744 759 774 789 804 819 834 849 864 879 894 909 924 939 954 969 984 999 1014 1029,10,594,1029,VID35_s15_594_crop
W058,VID35,video35_00940,979,754 769 784 799 814 829 844 859 874 889 904 919 934 949 964 979 994 1009 1024 1039 1054 1069 1084 1099 1114 1129 1144 1159 1174 1189,16,754,1189,VID35_s15_754_crop
W059,VID35,video35_01100,1139,914 929 944 959 974 989 1004 1019 1034 1049 1064 1079 1094 1109 1124 1139 1154 1169 1184 1199 1214 1229 1244 1259 1274 1289 1304 1319 1334 1349,11,914,1349,VID35_s15_914_crop
W060,VID37,video37_00528,567,342 357 372 387 402 417 432 447 462 477 492 507 522 537 552 567 582 597 612 627 642 657 672 687 702 717 732 747 762 777,11,342,777,VID37_s15_342_crop
W061,VID37,video37_00688,727,502 517 532 547 562 577 592 607 622 637 652 667 682 697 712 727 742 757 772 787 802 817 832 847 862 877 892 907 922 937,23,502,937,VID37_s15_502_crop
W062,VID37,video37_00768,807,582 597 612 627 642 657 672 687 702 717 732 747 762 777 792 807 822 837 852 867 882 897 912 927 942 957 972 987 1002 1017,24,582,1017,VID37_s15_582_crop
W063,VID37,video37_00848,887,662 677 692 707 722 737 752 767 782 797 812 827 842 857 872 887 902 917 932 947 962 977 992 1007 1022 1037 1052 1067 1082 1097,27,662,1097,VID37_s15_662_crop
W064,VID37,video37_00928,967,742 757 772 787 802 817 832 847 862 877 892 907 922 937 952 967 982 997 1012 1027 1042 1057 1072 1087 1102 1117 1132 1147 1162 1177,24,742,1177,VID37_s15_742_crop
W065,VID37,video37_01008,1047,822 837 852 867 882 897 912 927 942 957 972 987 1002 1017 1032 1047 1062 1077 1092 1107 1122 1137 1152 1167 1182 1197 1212 1227 1242 1257,18,822,1257,VID37_s15_822_crop
W066,VID43,video43_00307,346,121 136 151 166 181 196 211 226 241 256 271 286 301 316 331 346 361 376 391 406 421 436 451 466 481 496 511 526 541 556,25,121,556,VID43_s15_121_crop
W067,VID43,video43_00387,426,201 216 231 246 261 276 291 306 321 336 351 366 381 396 411 426 441 456 471 486 501 516 531 546 561 576 591 606 621 636,24,201,636,VID43_s15_201_crop
W068,VID43,video43_00467,506,281 296 311 326 341 356 371 386 401 416 431 446 461 476 491 506 521 536 551 566 581 596 611 626 641 656 671 686 701 716,28,281,716,VID43_s15_281_crop
W069,VID43,video43_00547,586,361 376 391 406 421 436 451 466 481 496 511 526 541 556 571 586 601 616 631 646 661 676 691 706 721 736 751 766 781 796,30,361,796,VID43_s15_361_crop
W070,VID43,video43_00627,666,441 456 471 486 501 516 531 546 561 576 591 606 621 636 651 666 681 696 711 726 741 756 771 786 801 816 831 846 861 876,29,441,876,VID43_s15_441_crop
W071,VID43,video43_00707,746,521 536 551 566 581 596 611 626 641 656 671 686 701 716 731 746 761 776 791 806 821 836 851 866 881 896 911 926 941 956,24,521,956,VID43_s15_521_crop
W072,VID43,video43_00787,826,601 616 631 646 661 676 691 706 721 736 751 766 781 796 811 826 841 856 871 886 901 916 931 946 961 976 991 1006 1021 1036,18,601,1036,VID43_s15_601_crop
W073,VID48,video48_00561,600,375 390 405 420 435 450 465 480 495 510 525 540 555 570 585 600 615 630 645 660 675 690 705 720 735 750 765 780 795 810,12,375,810,VID48_s15_375_crop
W074,VID48,video48_00641,680,455 470 485 500 515 530 545 560 575 590 605 620 635 650 665 680 695 710 725 740 755 770 785 800 815 830 845 860 875 890,15,455,890,VID48_s15_455_crop
W075,VID48,video48_00801,840,615 630 645 660 675 690 705 720 735 750 765 780 795 810 825 840 855 870 885 900 915 930 945 960 975 990 1005 1020 1035 1050,13,615,1050,VID48_s15_615_crop
W076,VID52,video52_00240,279,54 69 84 99 114 129 144 159 174 189 204 219 234 249 264 279 294 309 324 339 354 369 384 399 414 429 444 459 474 489,30,54,489,VID52_s15_54_crop
W077,VID52,video52_00320,359,134 149 164 179 194 209 224 239 254 269 284 299 314 329 344 359 374 389 404 419 434 449 464 479 494 509 524 539 554 569,29,134,569,VID52_s15_134_crop
W078,VID52,video52_00400,439,214 229 244 259 274 289 304 319 334 349 364 379 394 409 424 439 454 469 484 499 514 529 544 559 574 589 604 619 634 649,24,214,649,VID52_s15_214_crop
W079,VID52,video52_00480,519,294 309 324 339 354 369 384 399 414 429 444 459 474 489 504 519 534 549 564 579 594 609 624 639 654 669 684 699 714 729,18,294,729,VID52_s15_294_crop
W080,VID52,video52_02746,2785,2560 2575 2590 2605 2620 2635 2650 2665 2680 2695 2710 2725 2740 2755 2770 2785 2800 2815 2830 2845 2860 2875 2890 2905 2920 2935 2950 2965 2980 2995,16,2560,2995,VID52_s15_2560_crop
W081,VID52,video52_02826,2865,2640 2655 2670 2685 2700 2715 2730 2745 2760 2775 2790 2805 2820 2835 2850 2865 2880 2895 2910 2925 2940 2955 2970 2985 3000 3015 3030 3045 3060 3075,16,2640,3075,VID52_s15_2640_crop
W082,VID52,video52_02906,2945,2720 2735 2750 2765 2780 2795 2810 2825 2840 2855 2870 2885 2900 2915 2930 2945 2960 2975 2990 3005 3020 3035 3050 3065 3080 3095 3110 3125 3140 3155,16,2720,3155,VID52_s15_2720_crop
W083,VID55,video55_00508,547,322 337 352 367 382 397 412 427 442 457 472 487 502 517 532 547 562 577 592 607 622 637 652 667 682 697 712 727 742 757,16,322,757,VID55_s15_322_crop
W084,VID55,video55_00588,627,402 417 432 447 462 477 492 507 522 537 552 567 582 597 612 627 642 657 672 687 702 717 732 747 762 777 792 807 822 837,16,402,837,VID55_s15_402_crop
W085,VID55,video55_00668,707,482 497 512 527 542 557 572 587 602 617 632 647 662 677 692 707 722 737 752 767 782 797 812 827 842 857 872 887 902 917,16,482,917,VID55_s15_482_crop
