window_id,modality,metric,value
VID01_s15_14859_crop,depth,merge_frame,1.0
VID01_s15_14859_crop,depth,merge_region_rate,0.34090909090909083
VID01_s15_14859_crop,depth,regions,2.9545454545454546
VID01_s15_14859_crop,normal,merge_frame,0.0
VID01_s15_14859_crop,normal,merge_region_rate,0.0
VID01_s15_14859_crop,normal,regions,12.863636363636363
VID01_s15_14859_crop,rgb,merge_frame,0.0
VID01_s15_14859_crop,rgb,merge_region_rate,0.0
VID01_s15_14859_crop,rgb,regions,15.181818181818182
VID01_s15_16345_crop,depth,merge_frame,0.9411764705882353
VID01_s15_16345_crop,depth,merge_region_rate,0.09471182412358882
VID01_s15_16345_crop,depth,regions,10.058823529411764
VID01_s15_16345_crop,normal,merge_frame,0.8235294117647058
VID01_s15_16345_crop,normal,merge_region_rate,0.07500342794460442
VID01_s15_16345_crop,normal,regions,11.235294117647058
VID01_s15_16345_crop,rgb,merge_frame,0.0
VID01_s15_16345_crop,rgb,merge_region_rate,0.0
VID01_s15_16345_crop,rgb,regions,29.529411764705884
VID01_s15_240_crop,depth,merge_frame,0.0
VID01_s15_240_crop,depth,merge_region_rate,0.0
VID01_s15_240_crop,depth,regions,9.0
VID01_s15_240_crop,normal,merge_frame,0.0
VID01_s15_240_crop,normal,merge_region_rate,0.0
VID01_s15_240_crop,normal,regions,11.0
VID01_s15_240_crop,rgb,merge_frame,0.0
VID01_s15_240_crop,rgb,merge_region_rate,0.0
VID01_s15_240_crop,rgb,regions,10.727272727272727
VID01_s15_80_crop,depth,merge_frame,0.0
VID01_s15_80_crop,depth,merge_region_rate,0.0
VID01_s15_80_crop,depth,regions,6.714285714285714
VID01_s15_80_crop,normal,merge_frame,0.0
VID01_s15_80_crop,normal,merge_region_rate,0.0
VID01_s15_80_crop,normal,regions,11.619047619047619
VID01_s15_80_crop,rgb,merge_frame,0.0
VID01_s15_80_crop,rgb,merge_region_rate,0.0
VID01_s15_80_crop,rgb,regions,10.619047619047619
VID09_s15_832_crop,depth,merge_frame,0.0
VID09_s15_832_crop,depth,merge_region_rate,0.0
VID09_s15_832_crop,depth,regions,7.0
VID09_s15_832_crop,normal,merge_frame,0.0
VID09_s15_832_crop,normal,merge_region_rate,0.0
VID09_s15_832_crop,normal,regions,6.375
VID09_s15_832_crop,rgb,merge_frame,0.0
VID09_s15_832_crop,rgb,merge_region_rate,0.0
VID09_s15_832_crop,rgb,regions,9.6875
VID12_s15_15750_crop,depth,merge_frame,0.0
VID12_s15_15750_crop,depth,merge_region_rate,0.0
VID12_s15_15750_crop,depth,regions,7.454545454545454
VID12_s15_15750_crop,normal,merge_frame,0.0
VID12_s15_15750_crop,normal,merge_region_rate,0.0
VID12_s15_15750_crop,normal,regions,7.454545454545454
VID12_s15_15750_crop,rgb,merge_frame,0.0
VID12_s15_15750_crop,rgb,merge_region_rate,0.0
VID12_s15_15750_crop,rgb,regions,24.272727272727273
VID12_s15_19500_crop,depth,merge_frame,0.0
VID12_s15_19500_crop,depth,merge_region_rate,0.0
VID12_s15_19500_crop,depth,regions,8.2
VID12_s15_19500_crop,normal,merge_frame,0.0
VID12_s15_19500_crop,normal,merge_region_rate,0.0
VID12_s15_19500_crop,normal,regions,5.56
VID12_s15_19500_crop,rgb,merge_frame,0.0
VID12_s15_19500_crop,rgb,merge_region_rate,0.0
VID12_s15_19500_crop,rgb,regions,21.84
VID12_s15_19900_crop,depth,merge_frame,0.0
VID12_s15_19900_crop,depth,merge_region_rate,0.0
VID12_s15_19900_crop,depth,regions,8.454545454545455
VID12_s15_19900_crop,normal,merge_frame,0.0
VID12_s15_19900_crop,normal,merge_region_rate,0.0
VID12_s15_19900_crop,normal,regions,8.363636363636363
VID12_s15_19900_crop,rgb,merge_frame,0.0
VID12_s15_19900_crop,rgb,merge_region_rate,0.0
VID12_s15_19900_crop,rgb,regions,23.0
VID17_s15_1563_crop,depth,merge_frame,0.0
VID17_s15_1563_crop,depth,merge_region_rate,0.0
VID17_s15_1563_crop,depth,regions,7.8
VID17_s15_1563_crop,normal,merge_frame,0.0
VID17_s15_1563_crop,normal,merge_region_rate,0.0
VID17_s15_1563_crop,normal,regions,7.85
VID17_s15_1563_crop,rgb,merge_frame,0.0
VID17_s15_1563_crop,rgb,merge_region_rate,0.0
VID17_s15_1563_crop,rgb,regions,10.2
VID18_s15_979_crop,depth,merge_frame,0.0
VID18_s15_979_crop,depth,merge_region_rate,0.0
VID18_s15_979_crop,depth,regions,7.0
VID18_s15_979_crop,normal,merge_frame,0.0
VID18_s15_979_crop,normal,merge_region_rate,0.0
VID18_s15_979_crop,normal,regions,14.272727272727273
VID18_s15_979_crop,rgb,merge_frame,0.0
VID18_s15_979_crop,rgb,merge_region_rate,0.0
VID18_s15_979_crop,rgb,regions,17.0
VID20_s15_3260_crop,depth,merge_frame,0.0
VID20_s15_3260_crop,depth,merge_region_rate,0.0
VID20_s15_3260_crop,depth,regions,7.454545454545454
VID20_s15_3260_crop,normal,merge_frame,0.0
VID20_s15_3260_crop,normal,merge_region_rate,0.0
VID20_s15_3260_crop,normal,regions,8.181818181818182
VID20_s15_3260_crop,rgb,merge_frame,0.0
VID20_s15_3260_crop,rgb,merge_region_rate,0.0
VID20_s15_3260_crop,rgb,regions,17.181818181818183
VID24_s15_0_crop,depth,merge_frame,0.0
VID24_s15_0_crop,depth,merge_region_rate,0.0
VID24_s15_0_crop,depth,regions,3.68
VID24_s15_0_crop,normal,merge_frame,0.0
VID24_s15_0_crop,normal,merge_region_rate,0.0
VID24_s15_0_crop,normal,regions,5.88
VID24_s15_0_crop,rgb,merge_frame,0.0
VID24_s15_0_crop,rgb,merge_region_rate,0.0
VID24_s15_0_crop,rgb,regions,10.96
VID24_s15_9596_crop,depth,merge_frame,0.0
VID24_s15_9596_crop,depth,merge_region_rate,0.0
VID24_s15_9596_crop,depth,regions,7.863636363636363
VID24_s15_9596_crop,normal,merge_frame,0.0
VID24_s15_9596_crop,normal,merge_region_rate,0.0
VID24_s15_9596_crop,normal,regions,9.863636363636363
VID24_s15_9596_crop,rgb,merge_frame,0.0
VID24_s15_9596_crop,rgb,merge_region_rate,0.0
VID24_s15_9596_crop,rgb,regions,16.863636363636363
VID25_s15_162_crop,depth,merge_frame,0.0
VID25_s15_162_crop,depth,merge_region_rate,0.0
VID25_s15_162_crop,depth,regions,8.818181818181818
VID25_s15_162_crop,normal,merge_frame,0.0
VID25_s15_162_crop,normal,merge_region_rate,0.0
VID25_s15_162_crop,normal,regions,10.727272727272727
VID25_s15_162_crop,rgb,merge_frame,0.0
VID25_s15_162_crop,rgb,merge_region_rate,0.0
VID25_s15_162_crop,rgb,regions,15.909090909090908
VID25_s15_402_crop,depth,merge_frame,0.0
VID25_s15_402_crop,depth,merge_region_rate,0.0
VID25_s15_402_crop,depth,regions,7.7272727272727275
VID25_s15_402_crop,normal,merge_frame,0.0
VID25_s15_402_crop,normal,merge_region_rate,0.0
VID25_s15_402_crop,normal,regions,11.727272727272727
VID25_s15_402_crop,rgb,merge_frame,0.0
VID25_s15_402_crop,rgb,merge_region_rate,0.0
VID25_s15_402_crop,rgb,regions,20.0
VID26_s15_1855_crop,depth,merge_frame,0.3181818181818182
VID26_s15_1855_crop,depth,merge_region_rate,0.10606060606060606
VID26_s15_1855_crop,depth,regions,2.9545454545454546
VID26_s15_1855_crop,normal,merge_frame,0.0
VID26_s15_1855_crop,normal,merge_region_rate,0.0
VID26_s15_1855_crop,normal,regions,6.681818181818182
VID26_s15_1855_crop,rgb,merge_frame,0.0
VID26_s15_1855_crop,rgb,merge_region_rate,0.0
VID26_s15_1855_crop,rgb,regions,14.772727272727273
VID27_s15_160_crop,depth,merge_frame,0.5
VID27_s15_160_crop,depth,merge_region_rate,0.08333333333333334
VID27_s15_160_crop,depth,regions,6.0
VID27_s15_160_crop,normal,merge_frame,0.0
VID27_s15_160_crop,normal,merge_region_rate,0.0
VID27_s15_160_crop,normal,regions,9.636363636363637
VID27_s15_160_crop,rgb,merge_frame,0.0
VID27_s15_160_crop,rgb,merge_region_rate,0.0
VID27_s15_160_crop,rgb,regions,6.2272727272727275
VID27_s15_400_crop,depth,merge_frame,0.0
VID27_s15_400_crop,depth,merge_region_rate,0.0
VID27_s15_400_crop,depth,regions,5.823529411764706
VID27_s15_400_crop,normal,merge_frame,0.0
VID27_s15_400_crop,normal,merge_region_rate,0.0
VID27_s15_400_crop,normal,regions,10.882352941176471
VID27_s15_400_crop,rgb,merge_frame,0.0
VID27_s15_400_crop,rgb,merge_region_rate,0.0
VID27_s15_400_crop,rgb,regions,14.058823529411764
VID28_s15_0_crop,depth,merge_frame,0.0
VID28_s15_0_crop,depth,merge_region_rate,0.0
VID28_s15_0_crop,depth,regions,3.7
VID28_s15_0_crop,normal,merge_frame,0.0
VID28_s15_0_crop,normal,merge_region_rate,0.0
VID28_s15_0_crop,normal,regions,6.0
VID28_s15_0_crop,rgb,merge_frame,0.0
VID28_s15_0_crop,rgb,merge_region_rate,0.0
VID28_s15_0_crop,rgb,regions,16.1
VID35_s15_780_crop,depth,merge_frame,0.4375
VID35_s15_780_crop,depth,merge_region_rate,0.07916666666666666
VID35_s15_780_crop,depth,regions,5.8125
VID35_s15_780_crop,normal,merge_frame,0.0
VID35_s15_780_crop,normal,merge_region_rate,0.0
VID35_s15_780_crop,normal,regions,6.4375
VID35_s15_780_crop,rgb,merge_frame,0.0
VID35_s15_780_crop,rgb,merge_region_rate,0.0
VID35_s15_780_crop,rgb,regions,10.3125
VID37_s15_528_crop,depth,merge_frame,1.0
VID37_s15_528_crop,depth,merge_region_rate,0.34
VID37_s15_528_crop,depth,regions,2.96
VID37_s15_528_crop,normal,merge_frame,0.0
VID37_s15_528_crop,normal,merge_region_rate,0.0
VID37_s15_528_crop,normal,regions,8.64
VID37_s15_528_crop,rgb,merge_frame,0.0
VID37_s15_528_crop,rgb,merge_region_rate,0.0
VID37_s15_528_crop,rgb,regions,14.76
VID43_s15_387_crop,depth,merge_frame,0.0
VID43_s15_387_crop,depth,merge_region_rate,0.0
VID43_s15_387_crop,depth,regions,6.733333333333333
VID43_s15_387_crop,normal,merge_frame,0.0
VID43_s15_387_crop,normal,merge_region_rate,0.0
VID43_s15_387_crop,normal,regions,7.733333333333333
VID43_s15_387_crop,rgb,merge_frame,0.0
VID43_s15_387_crop,rgb,merge_region_rate,0.0
VID43_s15_387_crop,rgb,regions,14.8
VID43_s15_67_crop,depth,merge_frame,0.0
VID43_s15_67_crop,depth,merge_region_rate,0.0
VID43_s15_67_crop,depth,regions,7.0
VID43_s15_67_crop,normal,merge_frame,0.0
VID43_s15_67_crop,normal,merge_region_rate,0.0
VID43_s15_67_crop,normal,regions,8.48
VID43_s15_67_crop,rgb,merge_frame,0.0
VID43_s15_67_crop,rgb,merge_region_rate,0.0
VID43_s15_67_crop,rgb,regions,14.44
VID48_s15_561_crop,depth,merge_frame,1.0
VID48_s15_561_crop,depth,merge_region_rate,0.24019607843137253
VID48_s15_561_crop,depth,regions,4.235294117647059
VID48_s15_561_crop,normal,merge_frame,0.5294117647058824
VID48_s15_561_crop,normal,merge_region_rate,0.0692131398013751
VID48_s15_561_crop,normal,regions,9.352941176470589
VID48_s15_561_crop,rgb,merge_frame,0.0
VID48_s15_561_crop,rgb,merge_region_rate,0.0
VID48_s15_561_crop,rgb,regions,17.941176470588236
VID52_s15_2746_crop,depth,merge_frame,0.0
VID52_s15_2746_crop,depth,merge_region_rate,0.0
VID52_s15_2746_crop,depth,regions,7.6875
VID52_s15_2746_crop,normal,merge_frame,0.0
VID52_s15_2746_crop,normal,merge_region_rate,0.0
VID52_s15_2746_crop,normal,regions,12.6875
VID52_s15_2746_crop,rgb,merge_frame,0.0
VID52_s15_2746_crop,rgb,merge_region_rate,0.0
VID52_s15_2746_crop,rgb,regions,19.75
VID52_s15_80_crop,depth,merge_frame,0.0
VID52_s15_80_crop,depth,merge_region_rate,0.0
VID52_s15_80_crop,depth,regions,9.366666666666667
VID52_s15_80_crop,normal,merge_frame,0.0
VID52_s15_80_crop,normal,merge_region_rate,0.0
VID52_s15_80_crop,normal,regions,9.166666666666666
VID52_s15_80_crop,rgb,merge_frame,0.0
VID52_s15_80_crop,rgb,merge_region_rate,0.0
VID52_s15_80_crop,rgb,regions,10.3
VID55_s15_508_crop,depth,merge_frame,0.0625
VID55_s15_508_crop,depth,merge_region_rate,0.0125
VID55_s15_508_crop,depth,regions,7.25
VID55_s15_508_crop,normal,merge_frame,0.25
VID55_s15_508_crop,normal,merge_region_rate,0.018761671335200746
VID55_s15_508_crop,normal,regions,15.625
VID55_s15_508_crop,rgb,merge_frame,0.0
VID55_s15_508_crop,rgb,merge_region_rate,0.0
VID55_s15_508_crop,rgb,regions,19.375
