clip,frames_in_order
VID01_s15_14859_crop,True
VID01_s15_16345_crop,True
VID01_s15_240_crop,True
VID01_s15_80_crop,True
VID09_s15_832_crop,True
VID12_s15_15750_crop,True
VID12_s15_19500_crop,True
VID12_s15_19900_crop,True
VID17_s15_1563_crop,False
VID18_s15_979_crop,False
VID20_s15_3260_crop,True
VID24_s15_0_crop,False
VID24_s15_9596_crop,False
VID25_s15_162_crop,False
VID25_s15_402_crop,True
VID26_s15_1855_crop,False
VID27_s15_160_crop,False
VID27_s15_400_crop,False
VID28_s15_0_crop,True
VID35_s15_780_crop,True
VID37_s15_528_crop,False
VID43_s15_387_crop,True
VID43_s15_67_crop,False
VID48_s15_561_crop,False
VID52_s15_2746_crop,True
VID52_s15_80_crop,True
VID55_s15_508_crop,True
