clip,link,modality,region,frame_a,frame_b,gt_a,gt_b,class_a,class_b
VID01_s15_80_crop,consecutive_annotated,rgb,10,11,12,0,9,2,2
VID01_s15_80_crop,consecutive_annotated,rgb,19,11,12,10,13,5,5
VID01_s15_80_crop,consecutive_annotated,depth,10,10,11,0,9,2,2
VID01_s15_80_crop,consecutive_annotated,depth,9,11,12,10,13,5,5
VID01_s15_80_crop,consecutive_annotated,normal,5,4,5,3,6,4,4
VID01_s15_80_crop,consecutive_annotated,normal,20,11,12,10,13,5,5
VID01_s15_80_crop,adjacent_samples,rgb,10,11,12,0,9,2,2
VID01_s15_80_crop,adjacent_samples,rgb,19,11,12,10,13,5,5
VID01_s15_80_crop,adjacent_samples,depth,10,10,11,0,9,2,2
VID01_s15_80_crop,adjacent_samples,depth,9,11,12,10,13,5,5
VID01_s15_80_crop,adjacent_samples,normal,5,4,5,3,6,4,4
VID01_s15_80_crop,adjacent_samples,normal,20,11,12,10,13,5,5
VID01_s15_240_crop,consecutive_annotated,rgb,32,1,2,6,13,5,5
VID01_s15_240_crop,consecutive_annotated,depth,13,1,2,6,13,5,5
VID01_s15_240_crop,consecutive_annotated,normal,15,1,2,6,13,5,5
VID01_s15_240_crop,adjacent_samples,rgb,32,1,2,6,13,5,5
VID01_s15_240_crop,adjacent_samples,depth,13,1,2,6,13,5,5
VID01_s15_240_crop,adjacent_samples,normal,15,1,2,6,13,5,5
VID01_s15_14859_crop,consecutive_annotated,rgb,23,0,1,6,14,5,5
VID01_s15_14859_crop,consecutive_annotated,rgb,32,5,6,2,18,2,2
VID01_s15_14859_crop,consecutive_annotated,rgb,32,6,7,18,21,2,2
VID01_s15_14859_crop,consecutive_annotated,normal,13,0,1,6,14,5,5
VID01_s15_14859_crop,adjacent_samples,rgb,23,0,1,6,14,5,5
VID01_s15_14859_crop,adjacent_samples,rgb,32,5,6,2,18,2,2
VID01_s15_14859_crop,adjacent_samples,rgb,32,6,7,18,21,2,2
VID01_s15_14859_crop,adjacent_samples,normal,13,0,1,6,14,5,5
VID01_s15_16345_crop,consecutive_annotated,rgb,2,0,1,6,19,5,5
VID01_s15_16345_crop,consecutive_annotated,rgb,40,0,1,12,23,8,8
VID01_s15_16345_crop,consecutive_annotated,rgb,19,0,1,9,10,7,7
VID01_s15_16345_crop,consecutive_annotated,rgb,54,0,1,10,22,7,7
VID01_s15_16345_crop,consecutive_annotated,rgb,2,2,3,19,30,5,5
VID01_s15_16345_crop,consecutive_annotated,rgb,52,2,3,27,34,10,10
VID01_s15_16345_crop,consecutive_annotated,rgb,54,2,3,22,33,7,7
VID01_s15_16345_crop,consecutive_annotated,rgb,54,3,4,33,10,7,7
VID01_s15_16345_crop,consecutive_annotated,rgb,28,3,4,9,37,7,7
VID01_s15_16345_crop,consecutive_annotated,rgb,54,6,7,10,44,7,7
VID01_s15_16345_crop,consecutive_annotated,rgb,2,10,16,30,51,5,5
VID01_s15_16345_crop,consecutive_annotated,rgb,54,10,16,48,54,7,7
VID01_s15_16345_crop,consecutive_annotated,rgb,54,17,18,54,58,7,7
VID01_s15_16345_crop,adjacent_samples,rgb,2,0,1,6,19,5,5
VID01_s15_16345_crop,adjacent_samples,rgb,40,0,1,12,23,8,8
VID01_s15_16345_crop,adjacent_samples,rgb,19,0,1,9,10,7,7
VID01_s15_16345_crop,adjacent_samples,rgb,54,0,1,10,22,7,7
VID01_s15_16345_crop,adjacent_samples,rgb,2,2,3,19,30,5,5
VID01_s15_16345_crop,adjacent_samples,rgb,52,2,3,27,34,10,10
VID01_s15_16345_crop,adjacent_samples,rgb,54,2,3,22,33,7,7
VID01_s15_16345_crop,adjacent_samples,rgb,54,3,4,33,10,7,7
VID01_s15_16345_crop,adjacent_samples,rgb,28,3,4,9,37,7,7
VID01_s15_16345_crop,adjacent_samples,rgb,54,6,7,10,44,7,7
VID01_s15_16345_crop,adjacent_samples,rgb,54,17,18,60,68,7,7
VID12_s15_15750_crop,consecutive_annotated,rgb,31,0,1,11,15,5,5
VID12_s15_15750_crop,consecutive_annotated,rgb,31,2,3,15,17,5,5
VID12_s15_15750_crop,consecutive_annotated,rgb,55,3,4,0,3,1,1
VID12_s15_15750_crop,consecutive_annotated,rgb,31,3,4,17,19,5,5
VID12_s15_15750_crop,consecutive_annotated,rgb,31,5,6,19,21,5,5
VID12_s15_15750_crop,consecutive_annotated,depth,5,0,1,11,15,5,5
VID12_s15_15750_crop,consecutive_annotated,depth,5,2,3,15,17,5,5
VID12_s15_15750_crop,consecutive_annotated,depth,5,3,4,17,19,5,5
VID12_s15_15750_crop,consecutive_annotated,depth,15,3,4,0,3,1,1
VID12_s15_15750_crop,consecutive_annotated,depth,5,5,6,19,21,5,5
VID12_s15_15750_crop,consecutive_annotated,normal,6,3,4,0,3,1,1
VID12_s15_15750_crop,consecutive_annotated,normal,14,5,6,12,14,6,10
VID12_s15_15750_crop,adjacent_samples,rgb,31,0,1,11,15,5,5
VID12_s15_15750_crop,adjacent_samples,rgb,31,2,3,15,17,5,5
VID12_s15_15750_crop,adjacent_samples,rgb,55,3,4,0,3,1,1
VID12_s15_15750_crop,adjacent_samples,rgb,31,3,4,17,19,5,5
VID12_s15_15750_crop,adjacent_samples,rgb,31,5,6,19,21,5,5
VID12_s15_15750_crop,adjacent_samples,depth,5,0,1,11,15,5,5
VID12_s15_15750_crop,adjacent_samples,depth,5,2,3,15,17,5,5
VID12_s15_15750_crop,adjacent_samples,depth,5,3,4,17,19,5,5
VID12_s15_15750_crop,adjacent_samples,depth,15,3,4,0,3,1,1
VID12_s15_15750_crop,adjacent_samples,depth,5,5,6,19,21,5,5
VID12_s15_15750_crop,adjacent_samples,normal,6,3,4,0,3,1,1
VID12_s15_15750_crop,adjacent_samples,normal,14,5,6,12,14,6,10
VID12_s15_19500_crop,consecutive_annotated,rgb,11,15,16,8,17,6,10
VID12_s15_19500_crop,consecutive_annotated,rgb,44,15,16,16,15,5,5
VID12_s15_19500_crop,consecutive_annotated,rgb,13,15,16,17,18,10,1
VID12_s15_19500_crop,consecutive_annotated,rgb,17,20,21,27,2,2,2
VID12_s15_19500_crop,consecutive_annotated,rgb,44,21,27,15,36,5,5
VID12_s15_19500_crop,consecutive_annotated,rgb,44,27,28,36,38,5,5
VID12_s15_19500_crop,consecutive_annotated,depth,12,15,16,17,18,10,1
VID12_s15_19500_crop,consecutive_annotated,depth,6,15,16,8,17,6,10
VID12_s15_19500_crop,consecutive_annotated,depth,11,19,20,25,28,5,5
VID12_s15_19500_crop,consecutive_annotated,depth,5,20,21,27,2,2,2
VID12_s15_19500_crop,consecutive_annotated,normal,10,20,21,28,31,5,5
VID12_s15_19500_crop,adjacent_samples,rgb,11,15,16,8,17,6,10
VID12_s15_19500_crop,adjacent_samples,rgb,44,15,16,16,15,5,5
VID12_s15_19500_crop,adjacent_samples,rgb,13,15,16,17,18,10,1
VID12_s15_19500_crop,adjacent_samples,rgb,17,20,21,27,2,2,2
VID12_s15_19500_crop,adjacent_samples,rgb,44,27,28,43,46,5,5
VID12_s15_19500_crop,adjacent_samples,depth,12,15,16,17,18,10,1
VID12_s15_19500_crop,adjacent_samples,depth,6,15,16,8,17,6,10
VID12_s15_19500_crop,adjacent_samples,depth,11,19,20,25,28,5,5
VID12_s15_19500_crop,adjacent_samples,depth,5,20,21,27,2,2,2
VID12_s15_19500_crop,adjacent_samples,normal,10,20,21,28,31,5,5
VID12_s15_19900_crop,consecutive_annotated,rgb,49,0,1,10,15,5,5
VID12_s15_19900_crop,consecutive_annotated,normal,10,0,1,10,15,5,5
VID12_s15_19900_crop,adjacent_samples,rgb,49,0,1,10,15,5,5
VID12_s15_19900_crop,adjacent_samples,normal,10,0,1,10,15,5,5
VID25_s15_162_crop,consecutive_annotated,rgb,3,2,3,7,9,10,10
VID25_s15_162_crop,consecutive_annotated,rgb,25,4,5,6,10,5,5
VID25_s15_162_crop,consecutive_annotated,rgb,25,5,6,10,12,5,5
VID25_s15_162_crop,consecutive_annotated,rgb,25,6,7,12,15,5,5
VID25_s15_162_crop,consecutive_annotated,rgb,25,7,8,15,16,5,5
VID25_s15_162_crop,consecutive_annotated,rgb,23,8,9,4,19,3,3
VID25_s15_162_crop,consecutive_annotated,rgb,28,8,9,0,17,1,1
VID25_s15_162_crop,consecutive_annotated,rgb,23,9,10,19,22,3,3
VID25_s15_162_crop,consecutive_annotated,rgb,28,17,18,17,24,1,1
VID25_s15_162_crop,consecutive_annotated,rgb,28,20,21,17,24,1,1
VID25_s15_162_crop,consecutive_annotated,rgb,28,24,25,24,17,1,1
VID25_s15_162_crop,consecutive_annotated,depth,9,4,5,6,10,5,5
VID25_s15_162_crop,consecutive_annotated,depth,9,5,6,10,12,5,5
VID25_s15_162_crop,consecutive_annotated,depth,9,6,7,12,15,5,5
VID25_s15_162_crop,consecutive_annotated,depth,9,7,8,15,16,5,5
VID25_s15_162_crop,consecutive_annotated,depth,8,8,9,4,19,3,3
VID25_s15_162_crop,consecutive_annotated,depth,5,8,9,0,17,1,1
VID25_s15_162_crop,consecutive_annotated,depth,8,9,10,19,22,3,3
VID25_s15_162_crop,consecutive_annotated,depth,12,9,10,21,16,5,5
VID25_s15_162_crop,consecutive_annotated,depth,12,10,16,16,26,5,5
VID25_s15_162_crop,consecutive_annotated,depth,5,10,16,17,24,1,1
VID25_s15_162_crop,consecutive_annotated,normal,12,2,3,7,9,10,10
VID25_s15_162_crop,consecutive_annotated,normal,11,4,5,6,10,5,5
VID25_s15_162_crop,consecutive_annotated,normal,6,5,6,0,1,1,1
VID25_s15_162_crop,consecutive_annotated,normal,11,5,6,10,12,5,5
VID25_s15_162_crop,consecutive_annotated,normal,11,6,7,12,15,5,5
VID25_s15_162_crop,consecutive_annotated,normal,11,7,8,15,16,5,5
VID25_s15_162_crop,consecutive_annotated,normal,14,8,9,4,19,3,3
VID25_s15_162_crop,consecutive_annotated,normal,16,8,9,0,17,1,1
VID25_s15_162_crop,consecutive_annotated,normal,5,9,10,21,16,5,5
VID25_s15_162_crop,consecutive_annotated,normal,14,9,10,19,22,3,3
VID25_s15_162_crop,consecutive_annotated,normal,5,10,16,16,26,5,5
VID25_s15_162_crop,consecutive_annotated,normal,6,10,16,1,17,1,1
VID25_s15_162_crop,consecutive_annotated,normal,16,10,16,17,24,1,1
VID25_s15_162_crop,consecutive_annotated,normal,6,16,17,17,1,1,1
VID25_s15_162_crop,consecutive_annotated,normal,12,17,18,9,30,10,10
VID25_s15_162_crop,consecutive_annotated,normal,6,19,20,1,17,1,1
VID25_s15_162_crop,consecutive_annotated,normal,6,22,23,17,1,1,1
VID25_s15_162_crop,consecutive_annotated,normal,6,23,24,1,17,1,1
VID25_s15_162_crop,adjacent_samples,rgb,3,2,3,7,9,10,10
VID25_s15_162_crop,adjacent_samples,rgb,25,4,5,6,10,5,5
VID25_s15_162_crop,adjacent_samples,rgb,25,5,6,10,12,5,5
VID25_s15_162_crop,adjacent_samples,rgb,25,6,7,12,15,5,5
VID25_s15_162_crop,adjacent_samples,rgb,25,7,8,15,16,5,5
VID25_s15_162_crop,adjacent_samples,rgb,23,8,9,4,19,3,3
VID25_s15_162_crop,adjacent_samples,rgb,28,8,9,0,17,1,1
VID25_s15_162_crop,adjacent_samples,rgb,23,9,10,19,22,3,3
VID25_s15_162_crop,adjacent_samples,rgb,28,17,18,24,26,1,1
VID25_s15_162_crop,adjacent_samples,rgb,28,20,21,24,26,1,1
VID25_s15_162_crop,adjacent_samples,rgb,28,24,25,26,24,1,1
VID25_s15_162_crop,adjacent_samples,depth,9,4,5,6,10,5,5
VID25_s15_162_crop,adjacent_samples,depth,9,5,6,10,12,5,5
VID25_s15_162_crop,adjacent_samples,depth,9,6,7,12,15,5,5
VID25_s15_162_crop,adjacent_samples,depth,9,7,8,15,16,5,5
VID25_s15_162_crop,adjacent_samples,depth,8,8,9,4,19,3,3
VID25_s15_162_crop,adjacent_samples,depth,5,8,9,0,17,1,1
VID25_s15_162_crop,adjacent_samples,depth,8,9,10,19,22,3,3
VID25_s15_162_crop,adjacent_samples,depth,12,9,10,21,16,5,5
VID25_s15_162_crop,adjacent_samples,normal,12,2,3,7,9,10,10
VID25_s15_162_crop,adjacent_samples,normal,11,4,5,6,10,5,5
VID25_s15_162_crop,adjacent_samples,normal,6,5,6,0,1,1,1
VID25_s15_162_crop,adjacent_samples,normal,11,5,6,10,12,5,5
VID25_s15_162_crop,adjacent_samples,normal,11,6,7,12,15,5,5
VID25_s15_162_crop,adjacent_samples,normal,11,7,8,15,16,5,5
VID25_s15_162_crop,adjacent_samples,normal,14,8,9,4,19,3,3
VID25_s15_162_crop,adjacent_samples,normal,16,8,9,0,17,1,1
VID25_s15_162_crop,adjacent_samples,normal,5,9,10,21,16,5,5
VID25_s15_162_crop,adjacent_samples,normal,14,9,10,19,22,3,3
VID25_s15_162_crop,adjacent_samples,normal,6,16,17,24,25,1,1
VID25_s15_162_crop,adjacent_samples,normal,12,17,18,34,38,10,10
VID25_s15_162_crop,adjacent_samples,normal,6,19,20,25,24,1,1
VID25_s15_162_crop,adjacent_samples,normal,6,22,23,24,25,1,1
VID25_s15_162_crop,adjacent_samples,normal,6,23,24,25,24,1,1
VID25_s15_402_crop,consecutive_annotated,rgb,12,1,2,0,2,1,1
VID25_s15_402_crop,consecutive_annotated,rgb,12,5,6,0,2,1,1
VID25_s15_402_crop,consecutive_annotated,depth,4,1,2,0,2,1,1
VID25_s15_402_crop,consecutive_annotated,normal,6,1,2,10,14,10,10
VID25_s15_402_crop,consecutive_annotated,normal,15,1,2,0,2,1,1
VID25_s15_402_crop,consecutive_annotated,normal,15,3,4,2,0,1,1
VID25_s15_402_crop,consecutive_annotated,normal,15,5,6,0,2,1,1
VID25_s15_402_crop,consecutive_annotated,normal,15,8,9,2,0,1,1
VID25_s15_402_crop,adjacent_samples,rgb,12,1,2,0,2,1,1
VID25_s15_402_crop,adjacent_samples,rgb,12,5,6,0,2,1,1
VID25_s15_402_crop,adjacent_samples,depth,4,1,2,0,2,1,1
VID25_s15_402_crop,adjacent_samples,normal,6,1,2,10,14,10,10
VID25_s15_402_crop,adjacent_samples,normal,15,1,2,0,2,1,1
VID25_s15_402_crop,adjacent_samples,normal,15,3,4,2,0,1,1
VID25_s15_402_crop,adjacent_samples,normal,15,5,6,0,2,1,1
VID25_s15_402_crop,adjacent_samples,normal,15,8,9,2,0,1,1
VID18_s15_979_crop,consecutive_annotated,rgb,29,0,1,4,3,2,2
VID18_s15_979_crop,consecutive_annotated,rgb,16,1,2,12,16,9,9
VID18_s15_979_crop,consecutive_annotated,depth,6,1,2,12,16,9,9
VID18_s15_979_crop,consecutive_annotated,depth,11,1,2,2,8,2,4
VID18_s15_979_crop,consecutive_annotated,normal,9,1,2,12,16,9,9
VID18_s15_979_crop,adjacent_samples,rgb,29,0,1,4,3,2,2
VID18_s15_979_crop,adjacent_samples,rgb,16,1,2,12,16,9,9
VID18_s15_979_crop,adjacent_samples,depth,6,1,2,12,16,9,9
VID18_s15_979_crop,adjacent_samples,depth,11,1,2,2,8,2,4
VID18_s15_979_crop,adjacent_samples,normal,9,1,2,12,16,9,9
VID26_s15_1855_crop,consecutive_annotated,rgb,21,1,2,5,10,4,4
VID26_s15_1855_crop,consecutive_annotated,rgb,7,1,2,7,11,10,10
VID26_s15_1855_crop,consecutive_annotated,rgb,7,2,3,11,12,10,10
VID26_s15_1855_crop,consecutive_annotated,rgb,21,2,3,10,13,4,4
VID26_s15_1855_crop,consecutive_annotated,rgb,21,4,5,13,15,4,4
VID26_s15_1855_crop,consecutive_annotated,rgb,21,8,9,22,28,4,4
VID26_s15_1855_crop,consecutive_annotated,rgb,7,10,16,31,32,10,10
VID26_s15_1855_crop,consecutive_annotated,normal,6,1,2,7,12,10,10
VID26_s15_1855_crop,consecutive_annotated,normal,3,2,3,10,6,4,4
VID26_s15_1855_crop,consecutive_annotated,normal,3,4,5,6,15,4,4
VID26_s15_1855_crop,consecutive_annotated,normal,5,6,7,17,20,10,10
VID26_s15_1855_crop,consecutive_annotated,normal,9,7,8,2,0,2,1
VID26_s15_1855_crop,consecutive_annotated,normal,5,7,8,20,24,10,10
VID26_s15_1855_crop,consecutive_annotated,normal,6,7,8,12,25,10,10
VID26_s15_1855_crop,consecutive_annotated,normal,3,8,9,22,6,4,4
VID26_s15_1855_crop,consecutive_annotated,normal,6,8,9,25,31,10,10
VID26_s15_1855_crop,consecutive_annotated,normal,9,10,16,0,33,1,2
VID26_s15_1855_crop,adjacent_samples,rgb,21,1,2,5,10,4,4
VID26_s15_1855_crop,adjacent_samples,rgb,7,1,2,7,11,10,10
VID26_s15_1855_crop,adjacent_samples,rgb,7,2,3,11,12,10,10
VID26_s15_1855_crop,adjacent_samples,rgb,21,2,3,10,13,4,4
VID26_s15_1855_crop,adjacent_samples,rgb,21,4,5,13,15,4,4
VID26_s15_1855_crop,adjacent_samples,rgb,21,8,9,22,28,4,4
VID26_s15_1855_crop,adjacent_samples,normal,6,1,2,7,12,10,10
VID26_s15_1855_crop,adjacent_samples,normal,3,2,3,10,6,4,4
VID26_s15_1855_crop,adjacent_samples,normal,3,4,5,6,15,4,4
VID26_s15_1855_crop,adjacent_samples,normal,5,6,7,17,20,10,10
VID26_s15_1855_crop,adjacent_samples,normal,9,7,8,2,0,2,1
VID26_s15_1855_crop,adjacent_samples,normal,5,7,8,20,24,10,10
VID26_s15_1855_crop,adjacent_samples,normal,6,7,8,12,25,10,10
VID26_s15_1855_crop,adjacent_samples,normal,3,8,9,22,6,4,4
VID26_s15_1855_crop,adjacent_samples,normal,6,8,9,25,31,10,10
VID27_s15_160_crop,consecutive_annotated,rgb,12,7,8,9,10,5,5
VID27_s15_160_crop,consecutive_annotated,rgb,12,10,16,10,15,5,5
VID27_s15_160_crop,consecutive_annotated,rgb,12,20,21,15,17,5,5
VID27_s15_160_crop,consecutive_annotated,normal,7,7,8,9,10,5,5
VID27_s15_160_crop,consecutive_annotated,normal,7,10,16,10,15,5,5
VID27_s15_160_crop,consecutive_annotated,normal,7,20,21,15,17,5,5
VID27_s15_160_crop,adjacent_samples,rgb,12,7,8,9,10,5,5
VID27_s15_160_crop,adjacent_samples,rgb,12,20,21,19,22,5,5
VID27_s15_160_crop,adjacent_samples,normal,7,7,8,9,10,5,5
VID27_s15_160_crop,adjacent_samples,normal,7,20,21,19,22,5,5
VID27_s15_400_crop,consecutive_annotated,rgb,26,4,5,7,10,5,5
VID27_s15_400_crop,consecutive_annotated,rgb,26,10,16,10,13,5,5
VID27_s15_400_crop,consecutive_annotated,rgb,30,10,16,13,21,5,5
VID27_s15_400_crop,consecutive_annotated,rgb,26,16,17,13,23,5,5
VID27_s15_400_crop,consecutive_annotated,depth,9,4,5,7,10,5,5
VID27_s15_400_crop,consecutive_annotated,depth,9,10,16,10,13,5,5
VID27_s15_400_crop,consecutive_annotated,depth,10,10,16,13,21,5,5
VID27_s15_400_crop,consecutive_annotated,depth,9,16,17,13,23,5,5
VID27_s15_400_crop,consecutive_annotated,normal,16,4,5,7,10,5,5
VID27_s15_400_crop,consecutive_annotated,normal,5,10,16,13,21,5,5
VID27_s15_400_crop,consecutive_annotated,normal,16,10,16,10,13,5,5
VID27_s15_400_crop,consecutive_annotated,normal,16,16,17,13,23,5,5
VID27_s15_400_crop,adjacent_samples,rgb,26,4,5,7,10,5,5
VID27_s15_400_crop,adjacent_samples,rgb,26,16,17,28,31,5,5
VID27_s15_400_crop,adjacent_samples,depth,9,4,5,7,10,5,5
VID27_s15_400_crop,adjacent_samples,depth,9,16,17,28,31,5,5
VID27_s15_400_crop,adjacent_samples,normal,16,4,5,7,10,5,5
VID27_s15_400_crop,adjacent_samples,normal,16,16,17,28,31,5,5
VID35_s15_780_crop,consecutive_annotated,rgb,21,5,11,3,8,5,5
VID35_s15_780_crop,consecutive_annotated,rgb,21,12,13,8,10,5,5
VID35_s15_780_crop,consecutive_annotated,rgb,21,14,15,10,11,5,5
VID35_s15_780_crop,consecutive_annotated,rgb,21,15,22,11,12,5,5
VID35_s15_780_crop,consecutive_annotated,rgb,31,24,25,13,14,2,2
VID35_s15_780_crop,consecutive_annotated,rgb,31,25,26,14,16,2,2
VID35_s15_780_crop,consecutive_annotated,normal,6,0,1,1,3,2,5
VID35_s15_780_crop,consecutive_annotated,normal,6,5,11,3,8,5,5
VID35_s15_780_crop,consecutive_annotated,normal,6,12,13,8,10,5,5
VID35_s15_780_crop,consecutive_annotated,normal,6,22,23,1,12,2,5
VID35_s15_780_crop,adjacent_samples,rgb,21,12,13,11,14,5,5
VID35_s15_780_crop,adjacent_samples,rgb,21,14,15,14,15,5,5
VID35_s15_780_crop,adjacent_samples,rgb,31,24,25,21,22,2,2
VID35_s15_780_crop,adjacent_samples,rgb,31,25,26,22,24,2,2
VID35_s15_780_crop,adjacent_samples,normal,6,0,1,1,3,2,5
VID35_s15_780_crop,adjacent_samples,normal,6,12,13,11,14,5,5
VID35_s15_780_crop,adjacent_samples,normal,6,22,23,17,19,2,5
VID43_s15_67_crop,consecutive_annotated,rgb,31,10,16,5,7,4,4
VID43_s15_67_crop,consecutive_annotated,rgb,30,10,16,4,8,10,10
VID43_s15_67_crop,consecutive_annotated,rgb,30,17,18,8,10,10,10
VID43_s15_67_crop,consecutive_annotated,rgb,31,22,23,7,16,4,4
VID43_s15_67_crop,consecutive_annotated,rgb,31,23,24,16,7,4,4
VID43_s15_67_crop,consecutive_annotated,depth,7,10,16,4,8,10,10
VID43_s15_67_crop,consecutive_annotated,depth,7,17,18,8,10,10,10
VID43_s15_67_crop,consecutive_annotated,normal,8,10,16,3,8,4,10
VID43_s15_67_crop,consecutive_annotated,normal,6,10,16,5,7,4,4
VID43_s15_67_crop,consecutive_annotated,normal,8,17,18,8,3,10,4
VID43_s15_67_crop,consecutive_annotated,normal,6,22,23,7,16,4,4
VID43_s15_67_crop,consecutive_annotated,normal,6,23,24,16,7,4,4
VID43_s15_67_crop,adjacent_samples,rgb,30,17,18,11,13,10,10
VID43_s15_67_crop,adjacent_samples,rgb,31,22,23,9,19,4,4
VID43_s15_67_crop,adjacent_samples,rgb,31,23,24,19,9,4,4
VID43_s15_67_crop,adjacent_samples,depth,7,17,18,11,13,10,10
VID43_s15_67_crop,adjacent_samples,normal,8,17,18,11,10,10,4
VID43_s15_67_crop,adjacent_samples,normal,6,22,23,9,19,4,4
VID43_s15_67_crop,adjacent_samples,normal,6,23,24,19,9,4,4
VID43_s15_387_crop,consecutive_annotated,rgb,30,8,9,8,15,10,10
VID43_s15_387_crop,consecutive_annotated,rgb,31,18,19,4,25,4,4
VID43_s15_387_crop,consecutive_annotated,rgb,7,24,25,7,30,5,5
VID43_s15_387_crop,consecutive_annotated,rgb,7,26,27,30,33,5,5
VID43_s15_387_crop,consecutive_annotated,rgb,7,27,28,33,34,5,5
VID43_s15_387_crop,consecutive_annotated,depth,7,18,19,4,25,4,4
VID43_s15_387_crop,consecutive_annotated,depth,8,24,25,7,30,5,5
VID43_s15_387_crop,consecutive_annotated,depth,8,26,27,30,33,5,5
VID43_s15_387_crop,consecutive_annotated,depth,8,27,28,33,34,5,5
VID43_s15_387_crop,consecutive_annotated,normal,7,4,5,12,8,10,10
VID43_s15_387_crop,consecutive_annotated,normal,7,8,9,8,15,10,10
VID43_s15_387_crop,consecutive_annotated,normal,11,18,19,4,25,4,4
VID43_s15_387_crop,consecutive_annotated,normal,4,24,25,7,30,5,5
VID43_s15_387_crop,consecutive_annotated,normal,4,26,27,30,33,5,5
VID43_s15_387_crop,consecutive_annotated,normal,4,27,28,33,34,5,5
VID43_s15_387_crop,adjacent_samples,rgb,30,8,9,8,15,10,10
VID43_s15_387_crop,adjacent_samples,rgb,31,18,19,4,25,4,4
VID43_s15_387_crop,adjacent_samples,rgb,7,24,25,7,30,5,5
VID43_s15_387_crop,adjacent_samples,rgb,7,26,27,30,33,5,5
VID43_s15_387_crop,adjacent_samples,rgb,7,27,28,33,34,5,5
VID43_s15_387_crop,adjacent_samples,depth,7,18,19,4,25,4,4
VID43_s15_387_crop,adjacent_samples,depth,8,24,25,7,30,5,5
VID43_s15_387_crop,adjacent_samples,depth,8,26,27,30,33,5,5
VID43_s15_387_crop,adjacent_samples,depth,8,27,28,33,34,5,5
VID43_s15_387_crop,adjacent_samples,normal,7,4,5,12,8,10,10
VID43_s15_387_crop,adjacent_samples,normal,7,8,9,8,15,10,10
VID43_s15_387_crop,adjacent_samples,normal,11,18,19,4,25,4,4
VID43_s15_387_crop,adjacent_samples,normal,4,24,25,7,30,5,5
VID43_s15_387_crop,adjacent_samples,normal,4,26,27,30,33,5,5
VID43_s15_387_crop,adjacent_samples,normal,4,27,28,33,34,5,5
VID48_s15_561_crop,consecutive_annotated,rgb,3,4,5,6,15,5,5
VID48_s15_561_crop,consecutive_annotated,rgb,3,5,6,15,18,5,5
VID48_s15_561_crop,consecutive_annotated,rgb,3,7,8,18,20,5,5
VID48_s15_561_crop,consecutive_annotated,rgb,20,10,16,23,26,3,3
VID48_s15_561_crop,consecutive_annotated,rgb,30,10,16,24,27,3,3
VID48_s15_561_crop,consecutive_annotated,rgb,3,18,19,20,30,5,5
VID48_s15_561_crop,consecutive_annotated,rgb,30,18,19,27,29,3,3
VID48_s15_561_crop,consecutive_annotated,rgb,3,19,20,30,32,5,5
VID48_s15_561_crop,consecutive_annotated,rgb,3,20,21,32,34,5,5
VID48_s15_561_crop,consecutive_annotated,rgb,31,20,21,25,33,2,2
VID48_s15_561_crop,adjacent_samples,rgb,3,4,5,6,15,5,5
VID48_s15_561_crop,adjacent_samples,rgb,3,5,6,15,18,5,5
VID48_s15_561_crop,adjacent_samples,rgb,3,7,8,18,20,5,5
VID48_s15_561_crop,adjacent_samples,rgb,3,18,19,34,38,5,5
VID48_s15_561_crop,adjacent_samples,rgb,30,18,19,30,37,3,3
VID48_s15_561_crop,adjacent_samples,rgb,3,19,20,38,40,5,5
VID48_s15_561_crop,adjacent_samples,rgb,3,20,21,40,42,5,5
VID48_s15_561_crop,adjacent_samples,rgb,31,20,21,26,41,2,2
VID52_s15_80_crop,consecutive_annotated,rgb,22,0,1,5,8,5,5
VID52_s15_80_crop,consecutive_annotated,rgb,22,1,2,8,9,5,5
VID52_s15_80_crop,consecutive_annotated,rgb,22,2,3,9,12,5,5
VID52_s15_80_crop,consecutive_annotated,rgb,22,7,8,12,15,5,5
VID52_s15_80_crop,consecutive_annotated,rgb,22,8,9,15,17,5,5
VID52_s15_80_crop,consecutive_annotated,rgb,19,10,11,16,18,2,2
VID52_s15_80_crop,consecutive_annotated,rgb,22,10,11,17,19,5,5
VID52_s15_80_crop,consecutive_annotated,rgb,19,11,12,18,21,2,2
VID52_s15_80_crop,consecutive_annotated,rgb,22,11,12,19,22,5,5
VID52_s15_80_crop,consecutive_annotated,rgb,21,13,14,20,23,1,1
VID52_s15_80_crop,consecutive_annotated,rgb,22,13,14,22,24,5,5
VID52_s15_80_crop,consecutive_annotated,rgb,22,19,20,24,26,5,5
VID52_s15_80_crop,consecutive_annotated,rgb,22,21,22,26,27,5,5
VID52_s15_80_crop,consecutive_annotated,rgb,22,27,28,27,30,5,5
VID52_s15_80_crop,consecutive_annotated,depth,10,0,1,5,8,5,5
VID52_s15_80_crop,consecutive_annotated,depth,10,1,2,8,9,5,5
VID52_s15_80_crop,consecutive_annotated,depth,10,2,3,9,12,5,5
VID52_s15_80_crop,consecutive_annotated,depth,10,7,8,12,15,5,5
VID52_s15_80_crop,consecutive_annotated,depth,10,8,9,15,17,5,5
VID52_s15_80_crop,consecutive_annotated,depth,7,10,11,16,18,2,2
VID52_s15_80_crop,consecutive_annotated,depth,10,10,11,17,19,5,5
VID52_s15_80_crop,consecutive_annotated,depth,7,11,12,18,21,2,2
VID52_s15_80_crop,consecutive_annotated,depth,10,11,12,19,22,5,5
VID52_s15_80_crop,consecutive_annotated,depth,8,13,14,20,23,1,1
VID52_s15_80_crop,consecutive_annotated,depth,10,13,14,22,24,5,5
VID52_s15_80_crop,consecutive_annotated,depth,10,19,20,24,26,5,5
VID52_s15_80_crop,consecutive_annotated,depth,10,21,22,26,27,5,5
VID52_s15_80_crop,consecutive_annotated,depth,10,27,28,27,30,5,5
VID52_s15_80_crop,consecutive_annotated,normal,2,0,1,5,8,5,5
VID52_s15_80_crop,consecutive_annotated,normal,2,1,2,8,9,5,5
VID52_s15_80_crop,consecutive_annotated,normal,2,2,3,9,12,5,5
VID52_s15_80_crop,consecutive_annotated,normal,2,7,8,12,15,5,5
VID52_s15_80_crop,consecutive_annotated,normal,2,8,9,15,17,5,5
VID52_s15_80_crop,consecutive_annotated,normal,2,10,11,17,19,5,5
VID52_s15_80_crop,consecutive_annotated,normal,11,10,11,16,18,2,2
VID52_s15_80_crop,consecutive_annotated,normal,2,11,12,19,22,5,5
VID52_s15_80_crop,consecutive_annotated,normal,11,11,12,18,21,2,2
VID52_s15_80_crop,consecutive_annotated,normal,5,13,14,20,23,1,1
VID52_s15_80_crop,consecutive_annotated,normal,2,19,20,24,26,5,5
VID52_s15_80_crop,consecutive_annotated,normal,2,21,22,26,27,5,5
VID52_s15_80_crop,adjacent_samples,rgb,22,0,1,5,8,5,5
VID52_s15_80_crop,adjacent_samples,rgb,22,1,2,8,9,5,5
VID52_s15_80_crop,adjacent_samples,rgb,22,2,3,9,12,5,5
VID52_s15_80_crop,adjacent_samples,rgb,22,7,8,12,15,5,5
VID52_s15_80_crop,adjacent_samples,rgb,22,8,9,15,17,5,5
VID52_s15_80_crop,adjacent_samples,rgb,19,10,11,16,18,2,2
VID52_s15_80_crop,adjacent_samples,rgb,22,10,11,17,19,5,5
VID52_s15_80_crop,adjacent_samples,rgb,19,11,12,18,21,2,2
VID52_s15_80_crop,adjacent_samples,rgb,22,11,12,19,22,5,5
VID52_s15_80_crop,adjacent_samples,rgb,21,13,14,20,23,1,1
VID52_s15_80_crop,adjacent_samples,rgb,22,13,14,22,24,5,5
VID52_s15_80_crop,adjacent_samples,rgb,22,19,20,24,26,5,5
VID52_s15_80_crop,adjacent_samples,rgb,22,21,22,26,27,5,5
VID52_s15_80_crop,adjacent_samples,rgb,22,27,28,27,30,5,5
VID52_s15_80_crop,adjacent_samples,depth,10,0,1,5,8,5,5
VID52_s15_80_crop,adjacent_samples,depth,10,1,2,8,9,5,5
VID52_s15_80_crop,adjacent_samples,depth,10,2,3,9,12,5,5
VID52_s15_80_crop,adjacent_samples,depth,10,7,8,12,15,5,5
VID52_s15_80_crop,adjacent_samples,depth,10,8,9,15,17,5,5
VID52_s15_80_crop,adjacent_samples,depth,7,10,11,16,18,2,2
VID52_s15_80_crop,adjacent_samples,depth,10,10,11,17,19,5,5
VID52_s15_80_crop,adjacent_samples,depth,7,11,12,18,21,2,2
VID52_s15_80_crop,adjacent_samples,depth,10,11,12,19,22,5,5
VID52_s15_80_crop,adjacent_samples,depth,8,13,14,20,23,1,1
VID52_s15_80_crop,adjacent_samples,depth,10,13,14,22,24,5,5
VID52_s15_80_crop,adjacent_samples,depth,10,19,20,24,26,5,5
VID52_s15_80_crop,adjacent_samples,depth,10,21,22,26,27,5,5
VID52_s15_80_crop,adjacent_samples,depth,10,27,28,27,30,5,5
VID52_s15_80_crop,adjacent_samples,normal,2,0,1,5,8,5,5
VID52_s15_80_crop,adjacent_samples,normal,2,1,2,8,9,5,5
VID52_s15_80_crop,adjacent_samples,normal,2,2,3,9,12,5,5
VID52_s15_80_crop,adjacent_samples,normal,2,7,8,12,15,5,5
VID52_s15_80_crop,adjacent_samples,normal,2,8,9,15,17,5,5
VID52_s15_80_crop,adjacent_samples,normal,2,10,11,17,19,5,5
VID52_s15_80_crop,adjacent_samples,normal,11,10,11,16,18,2,2
VID52_s15_80_crop,adjacent_samples,normal,2,11,12,19,22,5,5
VID52_s15_80_crop,adjacent_samples,normal,11,11,12,18,21,2,2
VID52_s15_80_crop,adjacent_samples,normal,5,13,14,20,23,1,1
VID52_s15_80_crop,adjacent_samples,normal,2,19,20,24,26,5,5
VID52_s15_80_crop,adjacent_samples,normal,2,21,22,26,27,5,5
VID52_s15_2746_crop,consecutive_annotated,rgb,46,0,1,12,17,9,9
VID52_s15_2746_crop,consecutive_annotated,rgb,31,0,1,4,2,1,1
VID52_s15_2746_crop,consecutive_annotated,rgb,46,1,2,17,19,9,9
VID52_s15_2746_crop,consecutive_annotated,rgb,41,2,3,18,24,5,5
VID52_s15_2746_crop,consecutive_annotated,rgb,43,2,3,11,23,5,5
VID52_s15_2746_crop,consecutive_annotated,rgb,40,3,4,6,25,2,2
VID52_s15_2746_crop,consecutive_annotated,rgb,41,3,4,24,28,5,5
VID52_s15_2746_crop,consecutive_annotated,rgb,43,3,4,23,27,5,5
VID52_s15_2746_crop,consecutive_annotated,rgb,21,3,4,22,6,2,2
VID52_s15_2746_crop,consecutive_annotated,rgb,46,6,7,19,30,9,9
VID52_s15_2746_crop,consecutive_annotated,rgb,44,7,8,16,32,4,4
VID52_s15_2746_crop,consecutive_annotated,rgb,46,9,10,30,35,9,9
VID52_s15_2746_crop,consecutive_annotated,rgb,43,10,11,34,38,5,5
VID52_s15_2746_crop,consecutive_annotated,rgb,46,10,11,35,39,9,9
VID52_s15_2746_crop,consecutive_annotated,rgb,46,11,12,39,40,9,9
VID52_s15_2746_crop,consecutive_annotated,rgb,46,14,15,40,43,9,9
VID52_s15_2746_crop,consecutive_annotated,depth,18,0,1,12,17,9,9
VID52_s15_2746_crop,consecutive_annotated,depth,18,1,2,17,19,9,9
VID52_s15_2746_crop,consecutive_annotated,depth,17,2,3,18,24,5,5
VID52_s15_2746_crop,consecutive_annotated,depth,14,2,3,11,23,5,5
VID52_s15_2746_crop,consecutive_annotated,depth,14,3,4,23,27,5,5
VID52_s15_2746_crop,consecutive_annotated,depth,17,3,4,24,28,5,5
VID52_s15_2746_crop,consecutive_annotated,depth,18,6,7,19,30,9,9
VID52_s15_2746_crop,consecutive_annotated,depth,18,9,10,30,35,9,9
VID52_s15_2746_crop,consecutive_annotated,depth,14,10,11,34,38,5,5
VID52_s15_2746_crop,consecutive_annotated,depth,18,10,11,35,39,9,9
VID52_s15_2746_crop,consecutive_annotated,depth,18,11,12,39,40,9,9
VID52_s15_2746_crop,consecutive_annotated,depth,18,14,15,40,43,9,9
VID52_s15_2746_crop,consecutive_annotated,normal,9,0,1,4,2,1,1
VID52_s15_2746_crop,consecutive_annotated,normal,14,2,3,18,24,5,5
VID52_s15_2746_crop,consecutive_annotated,normal,14,3,4,24,28,5,5
VID52_s15_2746_crop,consecutive_annotated,normal,15,3,4,6,25,2,2
VID52_s15_2746_crop,consecutive_annotated,normal,12,8,9,13,33,10,10
VID52_s15_2746_crop,adjacent_samples,rgb,46,0,1,12,17,9,9
VID52_s15_2746_crop,adjacent_samples,rgb,31,0,1,4,2,1,1
VID52_s15_2746_crop,adjacent_samples,rgb,46,1,2,17,19,9,9
VID52_s15_2746_crop,adjacent_samples,rgb,41,2,3,18,24,5,5
VID52_s15_2746_crop,adjacent_samples,rgb,43,2,3,11,23,5,5
VID52_s15_2746_crop,adjacent_samples,rgb,40,3,4,6,25,2,2
VID52_s15_2746_crop,adjacent_samples,rgb,41,3,4,24,28,5,5
VID52_s15_2746_crop,adjacent_samples,rgb,43,3,4,23,27,5,5
VID52_s15_2746_crop,adjacent_samples,rgb,21,3,4,22,6,2,2
VID52_s15_2746_crop,adjacent_samples,rgb,46,6,7,19,30,9,9
VID52_s15_2746_crop,adjacent_samples,rgb,44,7,8,16,32,4,4
VID52_s15_2746_crop,adjacent_samples,rgb,46,9,10,30,35,9,9
VID52_s15_2746_crop,adjacent_samples,rgb,43,10,11,34,38,5,5
VID52_s15_2746_crop,adjacent_samples,rgb,46,10,11,35,39,9,9
VID52_s15_2746_crop,adjacent_samples,rgb,46,11,12,39,40,9,9
VID52_s15_2746_crop,adjacent_samples,rgb,46,14,15,40,43,9,9
VID52_s15_2746_crop,adjacent_samples,depth,18,0,1,12,17,9,9
VID52_s15_2746_crop,adjacent_samples,depth,18,1,2,17,19,9,9
VID52_s15_2746_crop,adjacent_samples,depth,17,2,3,18,24,5,5
VID52_s15_2746_crop,adjacent_samples,depth,14,2,3,11,23,5,5
VID52_s15_2746_crop,adjacent_samples,depth,14,3,4,23,27,5,5
VID52_s15_2746_crop,adjacent_samples,depth,17,3,4,24,28,5,5
VID52_s15_2746_crop,adjacent_samples,depth,18,6,7,19,30,9,9
VID52_s15_2746_crop,adjacent_samples,depth,18,9,10,30,35,9,9
VID52_s15_2746_crop,adjacent_samples,depth,14,10,11,34,38,5,5
VID52_s15_2746_crop,adjacent_samples,depth,18,10,11,35,39,9,9
VID52_s15_2746_crop,adjacent_samples,depth,18,11,12,39,40,9,9
VID52_s15_2746_crop,adjacent_samples,depth,18,14,15,40,43,9,9
VID52_s15_2746_crop,adjacent_samples,normal,9,0,1,4,2,1,1
VID52_s15_2746_crop,adjacent_samples,normal,14,2,3,18,24,5,5
VID52_s15_2746_crop,adjacent_samples,normal,14,3,4,24,28,5,5
VID52_s15_2746_crop,adjacent_samples,normal,15,3,4,6,25,2,2
VID52_s15_2746_crop,adjacent_samples,normal,12,8,9,13,33,10,10
VID17_s15_1563_crop,consecutive_annotated,rgb,27,4,5,8,13,5,5
VID17_s15_1563_crop,consecutive_annotated,rgb,27,7,8,13,18,5,5
VID17_s15_1563_crop,consecutive_annotated,rgb,10,8,9,11,21,4,4
VID17_s15_1563_crop,consecutive_annotated,rgb,21,8,9,17,11,4,4
VID17_s15_1563_crop,consecutive_annotated,rgb,26,8,9,5,20,3,3
VID17_s15_1563_crop,consecutive_annotated,rgb,21,10,16,11,26,4,4
VID17_s15_1563_crop,consecutive_annotated,rgb,27,10,16,22,27,5,5
VID17_s15_1563_crop,consecutive_annotated,rgb,27,19,20,27,32,5,5
VID17_s15_1563_crop,consecutive_annotated,rgb,11,20,21,0,24,1,1
VID17_s15_1563_crop,consecutive_annotated,rgb,27,20,21,32,33,5,5
VID17_s15_1563_crop,consecutive_annotated,rgb,26,21,27,31,36,3,10
VID17_s15_1563_crop,consecutive_annotated,depth,6,4,5,8,13,5,5
VID17_s15_1563_crop,consecutive_annotated,depth,6,7,8,13,18,5,5
VID17_s15_1563_crop,consecutive_annotated,depth,17,7,8,3,9,2,10
VID17_s15_1563_crop,consecutive_annotated,depth,5,8,9,11,21,4,4
VID17_s15_1563_crop,consecutive_annotated,depth,16,8,9,17,11,4,4
VID17_s15_1563_crop,consecutive_annotated,depth,17,9,10,9,3,10,2
VID17_s15_1563_crop,consecutive_annotated,depth,6,10,16,22,27,5,5
VID17_s15_1563_crop,consecutive_annotated,depth,16,10,16,11,26,4,4
VID17_s15_1563_crop,consecutive_annotated,depth,17,10,16,3,9,2,10
VID17_s15_1563_crop,consecutive_annotated,depth,6,19,20,27,32,5,5
VID17_s15_1563_crop,consecutive_annotated,depth,6,20,21,32,33,5,5
VID17_s15_1563_crop,consecutive_annotated,depth,17,21,27,9,3,10,2
VID17_s15_1563_crop,consecutive_annotated,normal,4,4,5,8,13,5,5
VID17_s15_1563_crop,consecutive_annotated,normal,4,7,8,13,18,5,5
VID17_s15_1563_crop,consecutive_annotated,normal,4,8,9,18,22,5,5
VID17_s15_1563_crop,consecutive_annotated,normal,10,8,9,11,21,4,4
VID17_s15_1563_crop,consecutive_annotated,normal,11,8,9,17,11,4,4
VID17_s15_1563_crop,consecutive_annotated,normal,4,10,16,22,27,5,5
VID17_s15_1563_crop,consecutive_annotated,normal,11,10,16,11,26,4,4
VID17_s15_1563_crop,consecutive_annotated,normal,4,19,20,27,32,5,5
VID17_s15_1563_crop,consecutive_annotated,normal,4,20,21,32,33,5,5
VID17_s15_1563_crop,consecutive_annotated,normal,9,21,27,4,3,2,2
VID17_s15_1563_crop,consecutive_annotated,normal,13,21,27,0,24,1,1
VID17_s15_1563_crop,adjacent_samples,rgb,27,4,5,8,13,5,5
VID17_s15_1563_crop,adjacent_samples,rgb,27,7,8,13,18,5,5
VID17_s15_1563_crop,adjacent_samples,rgb,10,8,9,11,21,4,4
VID17_s15_1563_crop,adjacent_samples,rgb,21,8,9,17,11,4,4
VID17_s15_1563_crop,adjacent_samples,rgb,26,8,9,5,20,3,3
VID17_s15_1563_crop,adjacent_samples,rgb,27,19,20,32,38,5,5
VID17_s15_1563_crop,adjacent_samples,rgb,11,20,21,24,25,1,1
VID17_s15_1563_crop,adjacent_samples,rgb,27,20,21,38,39,5,5
VID17_s15_1563_crop,adjacent_samples,depth,6,4,5,8,13,5,5
VID17_s15_1563_crop,adjacent_samples,depth,6,7,8,13,18,5,5
VID17_s15_1563_crop,adjacent_samples,depth,17,7,8,3,9,2,10
VID17_s15_1563_crop,adjacent_samples,depth,5,8,9,11,21,4,4
VID17_s15_1563_crop,adjacent_samples,depth,16,8,9,17,11,4,4
VID17_s15_1563_crop,adjacent_samples,depth,17,9,10,9,3,10,2
VID17_s15_1563_crop,adjacent_samples,depth,6,19,20,32,38,5,5
VID17_s15_1563_crop,adjacent_samples,depth,6,20,21,38,39,5,5
VID17_s15_1563_crop,adjacent_samples,normal,4,4,5,8,13,5,5
VID17_s15_1563_crop,adjacent_samples,normal,4,7,8,13,18,5,5
VID17_s15_1563_crop,adjacent_samples,normal,4,8,9,18,22,5,5
VID17_s15_1563_crop,adjacent_samples,normal,10,8,9,11,21,4,4
VID17_s15_1563_crop,adjacent_samples,normal,11,8,9,17,11,4,4
VID17_s15_1563_crop,adjacent_samples,normal,4,19,20,32,38,5,5
VID17_s15_1563_crop,adjacent_samples,normal,4,20,21,38,39,5,5
VID24_s15_9596_crop,consecutive_annotated,rgb,40,10,16,12,22,5,5
VID24_s15_9596_crop,consecutive_annotated,rgb,43,10,16,5,20,4,4
VID24_s15_9596_crop,consecutive_annotated,rgb,43,16,17,20,5,4,4
VID24_s15_9596_crop,consecutive_annotated,rgb,44,18,19,24,28,5,5
VID24_s15_9596_crop,consecutive_annotated,rgb,44,20,21,28,29,5,5
VID24_s15_9596_crop,consecutive_annotated,rgb,44,21,22,29,33,5,5
VID24_s15_9596_crop,consecutive_annotated,rgb,44,22,23,33,34,5,5
VID24_s15_9596_crop,consecutive_annotated,rgb,13,22,23,3,30,2,2
VID24_s15_9596_crop,consecutive_annotated,depth,7,10,16,12,22,5,5
VID24_s15_9596_crop,consecutive_annotated,depth,8,18,19,24,28,5,5
VID24_s15_9596_crop,consecutive_annotated,depth,8,20,21,28,29,5,5
VID24_s15_9596_crop,consecutive_annotated,depth,8,21,22,29,33,5,5
VID24_s15_9596_crop,consecutive_annotated,depth,8,22,23,33,34,5,5
VID24_s15_9596_crop,consecutive_annotated,normal,9,10,16,12,22,5,5
VID24_s15_9596_crop,consecutive_annotated,normal,6,18,19,24,28,5,5
VID24_s15_9596_crop,consecutive_annotated,normal,6,20,21,28,29,5,5
VID24_s15_9596_crop,consecutive_annotated,normal,5,21,22,3,30,2,2
VID24_s15_9596_crop,consecutive_annotated,normal,6,21,22,29,33,5,5
VID24_s15_9596_crop,consecutive_annotated,normal,6,22,23,33,34,5,5
VID24_s15_9596_crop,adjacent_samples,rgb,43,16,17,27,25,4,4
VID24_s15_9596_crop,adjacent_samples,rgb,44,18,19,34,38,5,5
VID24_s15_9596_crop,adjacent_samples,rgb,44,20,21,38,39,5,5
VID24_s15_9596_crop,adjacent_samples,rgb,44,21,22,39,43,5,5
VID24_s15_9596_crop,adjacent_samples,rgb,44,22,23,43,44,5,5
VID24_s15_9596_crop,adjacent_samples,rgb,13,22,23,23,40,2,2
VID24_s15_9596_crop,adjacent_samples,depth,8,18,19,34,38,5,5
VID24_s15_9596_crop,adjacent_samples,depth,8,20,21,38,39,5,5
VID24_s15_9596_crop,adjacent_samples,depth,8,21,22,39,43,5,5
VID24_s15_9596_crop,adjacent_samples,depth,8,22,23,43,44,5,5
VID24_s15_9596_crop,adjacent_samples,normal,6,18,19,34,38,5,5
VID24_s15_9596_crop,adjacent_samples,normal,6,20,21,38,39,5,5
VID24_s15_9596_crop,adjacent_samples,normal,5,21,22,23,40,2,2
VID24_s15_9596_crop,adjacent_samples,normal,6,21,22,39,43,5,5
VID24_s15_9596_crop,adjacent_samples,normal,6,22,23,43,44,5,5
VID28_s15_0_crop,consecutive_annotated,rgb,6,0,1,1,0,2,1
VID28_s15_0_crop,consecutive_annotated,rgb,6,1,2,0,1,1,2
VID28_s15_0_crop,consecutive_annotated,rgb,6,5,6,1,0,2,1
VID28_s15_0_crop,consecutive_annotated,rgb,27,6,7,8,9,2,2
VID28_s15_0_crop,consecutive_annotated,rgb,27,10,11,9,10,2,2
VID28_s15_0_crop,consecutive_annotated,rgb,27,21,22,10,17,2,2
VID28_s15_0_crop,consecutive_annotated,depth,4,22,23,0,14,1,1
VID28_s15_0_crop,consecutive_annotated,normal,10,22,23,0,14,1,1
VID28_s15_0_crop,adjacent_samples,rgb,6,0,1,1,0,2,1
VID28_s15_0_crop,adjacent_samples,rgb,6,1,2,0,1,1,2
VID28_s15_0_crop,adjacent_samples,rgb,6,5,6,1,0,2,1
VID28_s15_0_crop,adjacent_samples,rgb,27,6,7,8,9,2,2
VID28_s15_0_crop,adjacent_samples,rgb,27,10,11,9,10,2,2
VID28_s15_0_crop,adjacent_samples,rgb,27,21,22,10,17,2,2
VID28_s15_0_crop,adjacent_samples,depth,4,22,23,0,14,1,1
VID28_s15_0_crop,adjacent_samples,normal,10,22,23,0,14,1,1
VID37_s15_528_crop,consecutive_annotated,rgb,7,0,1,4,6,5,5
VID37_s15_528_crop,consecutive_annotated,rgb,32,1,2,1,7,2,2
VID37_s15_528_crop,consecutive_annotated,rgb,7,1,2,6,8,5,5
VID37_s15_528_crop,consecutive_annotated,rgb,32,2,3,7,2,2,2
VID37_s15_528_crop,consecutive_annotated,rgb,34,2,3,2,9,2,2
VID37_s15_528_crop,consecutive_annotated,rgb,7,2,3,8,10,5,5
VID37_s15_528_crop,consecutive_annotated,rgb,7,3,4,10,11,5,5
VID37_s15_528_crop,consecutive_annotated,rgb,34,4,5,9,2,2,2
VID37_s15_528_crop,consecutive_annotated,rgb,7,4,5,11,13,5,5
VID37_s15_528_crop,consecutive_annotated,rgb,7,5,11,13,14,5,5
VID37_s15_528_crop,adjacent_samples,rgb,7,0,1,4,6,5,5
VID37_s15_528_crop,adjacent_samples,rgb,32,1,2,1,7,2,2
VID37_s15_528_crop,adjacent_samples,rgb,7,1,2,6,8,5,5
VID37_s15_528_crop,adjacent_samples,rgb,32,2,3,7,2,2,2
VID37_s15_528_crop,adjacent_samples,rgb,34,2,3,2,9,2,2
VID37_s15_528_crop,adjacent_samples,rgb,7,2,3,8,10,5,5
VID37_s15_528_crop,adjacent_samples,rgb,7,3,4,10,11,5,5
VID37_s15_528_crop,adjacent_samples,rgb,34,4,5,9,2,2,2
VID37_s15_528_crop,adjacent_samples,rgb,7,4,5,11,13,5,5
VID55_s15_508_crop,consecutive_annotated,rgb,30,3,4,8,23,5,5
VID55_s15_508_crop,consecutive_annotated,rgb,23,9,10,20,37,2,1
VID55_s15_508_crop,consecutive_annotated,depth,11,1,2,10,16,1,9
VID55_s15_508_crop,consecutive_annotated,depth,10,3,4,8,23,5,5
VID55_s15_508_crop,consecutive_annotated,depth,7,9,10,20,37,2,1
VID55_s15_508_crop,consecutive_annotated,normal,12,3,4,8,6,5,4
VID55_s15_508_crop,adjacent_samples,rgb,30,3,4,8,23,5,5
VID55_s15_508_crop,adjacent_samples,rgb,23,9,10,20,37,2,1
VID55_s15_508_crop,adjacent_samples,depth,11,1,2,10,16,1,9
VID55_s15_508_crop,adjacent_samples,depth,10,3,4,8,23,5,5
VID55_s15_508_crop,adjacent_samples,depth,7,9,10,20,37,2,1
VID55_s15_508_crop,adjacent_samples,normal,12,3,4,8,6,5,4
