subset,link,modality,metric,n,mean,sd,ci_low,ci_high,ci_low_video,ci_high_video
all,consecutive_annotated,rgb,id_switch_rate,27,0.05022911154965591,0.03465067329595514,0.037579632434665375,0.06348049776582874,0.03874966775980733,0.06428127904921013
all,consecutive_annotated,rgb,class_switch_rate,27,0.002775780413969298,0.008701764062144604,0.0002827254735651682,0.006537802351151951,0.0003318951211417192,0.0067804946370113245
all,consecutive_annotated,rgb,matched_pairs,27,103.29629629629629,39.40110776929112,89.11111111111111,117.88888888888889,90.58303571428571,117.222311827957
all,consecutive_annotated,rgb,fragmentation_mean,27,1.0984438150392892,0.10037224333057175,1.0664494878655824,1.1386308652173132,1.0660991842563943,1.141679448008183
all,consecutive_annotated,rgb,fragmentation_ge2,27,0.09649449730049782,0.0996819487699237,0.06391960030486601,0.13771989613300317,0.06367234199088785,0.13879046040026585
all,consecutive_annotated,rgb,gt_tracks_matched,27,17.25925925925926,7.608662030326875,14.518518518518519,20.14814814814815,14.9258547008547,19.84029629629629
all,consecutive_annotated,rgb,survival_forward,27,0.8510264251710085,0.1400733031123169,0.7968594626741519,0.8989595940547274,0.7840523889092786,0.9002777675049644
all,consecutive_annotated,rgb,survival_backward,27,0.8674907088360899,0.0827795585102991,0.8356140104513283,0.8964331804823363,0.8376768812667018,0.8960968889467488
all,consecutive_annotated,rgb,reappearance_rate,27,0.3655815011590963,0.18921568465687413,0.295198636210769,0.4353152399992807,0.296114543136602,0.4449896971297949
all,consecutive_annotated,rgb,reappear_same_gt,14,0.11904761904761905,0.2881459405025222,0.0,0.2857142857142857,0.0,0.3205128205128205
all,consecutive_annotated,rgb,reappear_same_class,14,0.8571428571428571,0.30562492275106334,0.6785714285714286,1.0,0.6428571428571429,1.0
all,consecutive_annotated,rgb,reappear_events_judged,27,0.9259259259259259,1.3846945213219115,0.48148148148148145,1.4814814814814814,0.5,1.5454545454545454
all,consecutive_annotated,rgb,seeded_regions,27,18.25925925925926,6.364520603087283,16.0,20.74074074074074,15.916666666666666,20.677419354838708
all,consecutive_annotated,depth,id_switch_rate,27,0.042286787948173137,0.05331836063324141,0.024025950745215234,0.06325959313681269,0.022039769014689507,0.06536332712404197
all,consecutive_annotated,depth,class_switch_rate,27,0.005585448373136685,0.014589324783606453,0.000649772579597141,0.011632869202255243,0.000835421888053467,0.011492442015659226
all,consecutive_annotated,depth,matched_pairs,27,61.407407407407405,33.78923276300086,49.88796296296296,74.29629629629629,48.869416996047434,76.53899999999999
all,consecutive_annotated,depth,fragmentation_mean,27,1.08727059701058,0.13142359567555278,1.0425281332827867,1.1391142373237784,1.0428896018729779,1.1417685441512169
all,consecutive_annotated,depth,fragmentation_ge2,27,0.08480146120811083,0.1285176669154826,0.04101052115083089,0.13760945810764652,0.041864049654909134,0.13604162607071812
all,consecutive_annotated,depth,gt_tracks_matched,27,9.25925925925926,5.551109331909688,7.333333333333333,11.37037037037037,7.096774193548387,11.714285714285714
all,consecutive_annotated,depth,survival_forward,27,0.904839494720447,0.11772010909900447,0.8591657457034442,0.9446885999068539,0.8536578643578643,0.9475958912479362
all,consecutive_annotated,depth,survival_backward,27,0.9163154472413731,0.09221056685392853,0.8800647146063814,0.9481825886733294,0.8823861890823097,0.9488716838716839
all,consecutive_annotated,depth,reappearance_rate,27,0.2511918123029234,0.1805594223547908,0.18521391160280049,0.3215486211319545,0.18237746102802924,0.3212458028083028
all,consecutive_annotated,depth,reappear_same_gt,7,0.14285714285714285,0.37796447300922725,0.0,0.42857142857142855,0.0,0.42857142857142855
all,consecutive_annotated,depth,reappear_same_class,7,0.9285714285714286,0.18898223650461365,0.7857142857142857,1.0,0.7857142857142857,1.0
all,consecutive_annotated,depth,reappear_events_judged,27,0.4074074074074074,0.8883545402449347,0.14814814814814814,0.7777777777777778,0.16666666666666666,0.7083333333333334
all,consecutive_annotated,depth,seeded_regions,27,7.37037037037037,2.3882428066894086,6.481481481481482,8.25925925925926,6.416666666666667,8.148148148148149
all,consecutive_annotated,normal,id_switch_rate,27,0.04045625254806676,0.049120414073111525,0.02438827340502752,0.06027288784834436,0.02269095809571761,0.0638223170186162
all,consecutive_annotated,normal,class_switch_rate,27,0.0049682548186560154,0.011838854970904875,0.0008613264427217916,0.00977324135711868,0.0011649010256193813,0.010342536949314795
all,consecutive_annotated,normal,matched_pairs,27,86.74074074074075,40.70399015839621,72.44351851851852,102.63055555555555,70.35975,101.53130208333333
all,consecutive_annotated,normal,fragmentation_mean,27,1.0852665625154445,0.10332151285762833,1.05141822875999,1.127704620478421,1.0507487221628042,1.1319506815868023
all,consecutive_annotated,normal,fragmentation_ge2,27,0.08526656251544454,0.10332151285762833,0.05170703471572065,0.12729729862405298,0.05134259004884005,0.13108195471079204
all,consecutive_annotated,normal,gt_tracks_matched,27,12.25925925925926,5.5023952308384105,10.25925925925926,14.37037037037037,10.24,14.52
all,consecutive_annotated,normal,survival_forward,27,0.8969977259659799,0.10008920861190372,0.8578137199367358,0.930870363102506,0.8537637070860096,0.9308960417212611
all,consecutive_annotated,normal,survival_backward,27,0.8975350164239053,0.07479238094382626,0.8690602007731637,0.9240292382514607,0.8779865077052577,0.9150937549032468
all,consecutive_annotated,normal,reappearance_rate,27,0.2993732604843716,0.1899126340100706,0.23123112484223599,0.3700759168814724,0.23943289955194716,0.36858850004848026
all,consecutive_annotated,normal,reappear_same_gt,9,0.2222222222222222,0.44095855184409843,0.0,0.5555555555555556,0.0,0.5555555555555556
all,consecutive_annotated,normal,reappear_same_class,9,0.9166666666666666,0.25,0.75,1.0,0.71875,1.0
all,consecutive_annotated,normal,reappear_events_judged,27,0.5185185185185185,0.9352239703107884,0.2222222222222222,0.8888888888888888,0.23076923076923078,0.8076923076923077
all,consecutive_annotated,normal,seeded_regions,27,10.407407407407407,2.804656283058027,9.407407407407407,11.481481481481481,9.18510101010101,11.583405172413793
all,adjacent_samples,rgb,id_switch_rate,27,0.04536381788505777,0.03216700016146474,0.03340915878091033,0.057517757576978856,0.0339528771826722,0.05869218450130339
all,adjacent_samples,rgb,class_switch_rate,27,0.0025165794812050937,0.008699595321581466,0.0,0.006259780907668232,0.0,0.006619476723117435
all,adjacent_samples,rgb,matched_pairs,27,100.18518518518519,39.29380166136701,85.85185185185185,114.81574074074072,87.11101190476191,114.50089285714284
all,adjacent_samples,rgb,fragmentation_mean,27,1.0756300465189248,0.09598864351959127,1.0463965792781047,1.1165225341141898,1.0427707240867674,1.1173655732040095
all,adjacent_samples,rgb,fragmentation_ge2,27,0.0739465448354231,0.09527847227616248,0.0458606664119807,0.11414875354740683,0.04214295700732003,0.11573109174578122
all,adjacent_samples,rgb,gt_tracks_matched,27,20.444444444444443,8.79830986100492,17.25925925925926,23.74074074074074,17.956358695652174,22.923076923076923
all,adjacent_samples,rgb,survival_forward,27,0.8510264251710085,0.1400733031123169,0.7968594626741519,0.8989595940547274,0.7840523889092786,0.9002777675049644
all,adjacent_samples,rgb,survival_backward,27,0.8674907088360899,0.0827795585102991,0.8356140104513283,0.8964331804823363,0.8376768812667018,0.8960968889467488
all,adjacent_samples,rgb,reappearance_rate,27,0.3655815011590963,0.18921568465687413,0.295198636210769,0.4353152399992807,0.296114543136602,0.4449896971297949
all,adjacent_samples,rgb,reappear_same_gt,14,0.011904761904761904,0.0445435403187374,0.0,0.03571428571428571,0.0,0.041666666666666664
all,adjacent_samples,rgb,reappear_same_class,14,0.8571428571428571,0.30562492275106334,0.6785714285714286,1.0,0.6428571428571429,1.0
all,adjacent_samples,rgb,reappear_events_judged,27,0.9259259259259259,1.3846945213219115,0.48148148148148145,1.4814814814814814,0.5,1.5454545454545454
all,adjacent_samples,rgb,seeded_regions,27,18.25925925925926,6.364520603087283,16.0,20.74074074074074,15.916666666666666,20.677419354838708
all,adjacent_samples,depth,id_switch_rate,27,0.038841577817223534,0.04993597666437836,0.02143926271699437,0.058453368773159986,0.01903307854369936,0.06154728880537169
all,adjacent_samples,depth,class_switch_rate,27,0.0049403276804436905,0.0130025703868029,0.0007262164124909223,0.010116102366200228,0.000860215053763441,0.010066784811928398
all,adjacent_samples,depth,matched_pairs,27,59.407407407407405,33.76076382117522,47.74074074074074,72.92592592592592,46.84615384615385,74.64
all,adjacent_samples,depth,fragmentation_mean,27,1.0489571046766197,0.07968267204658368,1.0231656504808782,1.0810291882842071,1.0203946803661077,1.081485308357388
all,adjacent_samples,depth,fragmentation_ge2,27,0.04700778693782837,0.07752987069344126,0.021630290291940017,0.07826499855485362,0.020117253093595803,0.0776686797983877
all,adjacent_samples,depth,gt_tracks_matched,27,11.37037037037037,5.812110355165908,9.25925925925926,13.593518518518506,9.347826086956522,13.666666666666666
all,adjacent_samples,depth,survival_forward,27,0.904839494720447,0.11772010909900447,0.8591657457034442,0.9446885999068539,0.8536578643578643,0.9475958912479362
all,adjacent_samples,depth,survival_backward,27,0.9163154472413731,0.09221056685392853,0.8800647146063814,0.9481825886733294,0.8823861890823097,0.9488716838716839
all,adjacent_samples,depth,reappearance_rate,27,0.2511918123029234,0.1805594223547908,0.18521391160280049,0.3215486211319545,0.18237746102802924,0.3212458028083028
all,adjacent_samples,depth,reappear_same_gt,7,0.0,0.0,0.0,0.0,0.0,0.0
all,adjacent_samples,depth,reappear_same_class,7,0.9285714285714286,0.18898223650461365,0.7857142857142857,1.0,0.7857142857142857,1.0
all,adjacent_samples,depth,reappear_events_judged,27,0.4074074074074074,0.8883545402449347,0.14814814814814814,0.7777777777777778,0.16666666666666666,0.7083333333333334
all,adjacent_samples,depth,seeded_regions,27,7.37037037037037,2.3882428066894086,6.481481481481482,8.25925925925926,6.416666666666667,8.148148148148149
all,adjacent_samples,normal,id_switch_rate,27,0.03593341614246702,0.04422503565708364,0.021391963821663022,0.05384634408182593,0.01982976180801211,0.057941050429043926
all,adjacent_samples,normal,class_switch_rate,27,0.004026014256532412,0.009956525143258867,0.0008417508417508418,0.008246204737432808,0.0009501025290498974,0.008441258952141822
all,adjacent_samples,normal,matched_pairs,27,83.88888888888889,40.277244323022025,69.51851851851852,99.07499999999999,67.51477272727273,98.51724137931035
all,adjacent_samples,normal,fragmentation_mean,27,1.0619576617481667,0.08386308532684553,1.0338459467638088,1.0948686745807976,1.030398399569527,1.1053164871714567
all,adjacent_samples,normal,fragmentation_ge2,27,0.06195766174816683,0.08386308532684553,0.032989521989139826,0.09578213162920401,0.030456925516177916,0.10376988507681677
all,adjacent_samples,normal,gt_tracks_matched,27,15.25925925925926,6.780019245449157,12.777777777777779,17.85185185185185,12.785714285714286,17.590951178451178
all,adjacent_samples,normal,survival_forward,27,0.8969977259659799,0.10008920861190372,0.8578137199367358,0.930870363102506,0.8537637070860096,0.9308960417212611
all,adjacent_samples,normal,survival_backward,27,0.8975350164239053,0.07479238094382626,0.8690602007731637,0.9240292382514607,0.8779865077052577,0.9150937549032468
all,adjacent_samples,normal,reappearance_rate,27,0.2993732604843716,0.1899126340100706,0.23123112484223599,0.3700759168814724,0.23943289955194716,0.36858850004848026
all,adjacent_samples,normal,reappear_same_gt,9,0.1111111111111111,0.3333333333333333,0.0,0.3333333333333333,0.0,0.375
all,adjacent_samples,normal,reappear_same_class,9,0.9166666666666666,0.25,0.75,1.0,0.71875,1.0
all,adjacent_samples,normal,reappear_events_judged,27,0.5185185185185185,0.9352239703107884,0.2222222222222222,0.8888888888888888,0.23076923076923078,0.8076923076923077
all,adjacent_samples,normal,seeded_regions,27,10.407407407407407,2.804656283058027,9.407407407407407,11.481481481481481,9.18510101010101,11.583405172413793
frames_in_order,consecutive_annotated,rgb,id_switch_rate,16,0.0444223620841028,0.03480346427652929,0.028517798425713354,0.061405915247957694,0.027802423358311137,0.06171811910804635
frames_in_order,consecutive_annotated,rgb,class_switch_rate,16,0.004207030211931969,0.011061388295463612,0.0,0.01046528285277704,0.0,0.011865463615023475
frames_in_order,consecutive_annotated,rgb,matched_pairs,16,103.375,45.70029175690968,82.5625,125.75156249999998,82.065,126.46666666666667
frames_in_order,consecutive_annotated,rgb,fragmentation_mean,16,1.0653976759955022,0.05410527626682614,1.039978835702341,1.0922203890614217,1.0379771743408106,1.0913685177723416
frames_in_order,consecutive_annotated,rgb,fragmentation_ge2,16,0.06539767599550209,0.05410527626682613,0.03963525265495374,0.09063117852859698,0.03757303887738671,0.09242194293345188
frames_in_order,consecutive_annotated,rgb,gt_tracks_matched,16,17.1875,8.36037279870541,13.4375,21.3125,13.4,20.666666666666668
frames_in_order,consecutive_annotated,rgb,survival_forward,16,0.8622657330156259,0.105008972196614,0.8109647918424892,0.9093426612660858,0.7872118266955447,0.9049229400404829
frames_in_order,consecutive_annotated,rgb,survival_backward,16,0.871389404027382,0.08774073506166709,0.828818007163151,0.9111839263418747,0.8316331605764525,0.9120031424680106
frames_in_order,consecutive_annotated,rgb,reappearance_rate,16,0.3500799643450974,0.16985842694368908,0.2717395696412047,0.43118194385002384,0.2670698668405869,0.444041547998498
frames_in_order,consecutive_annotated,rgb,reappear_same_gt,9,0.018518518518518517,0.05555555555555555,0.0,0.05555555555555555,0.0,0.07142857142857142
frames_in_order,consecutive_annotated,rgb,reappear_same_class,9,0.8333333333333334,0.3535533905932738,0.6111111111111112,1.0,0.5,1.0
frames_in_order,consecutive_annotated,rgb,reappear_events_judged,16,1.125,1.6683325008322931,0.4375,2.0,0.46153846153846156,2.1818181818181817
frames_in_order,consecutive_annotated,rgb,seeded_regions,16,19.6875,7.373092973779729,16.3125,23.3125,16.307692307692307,23.052704678362574
frames_in_order,consecutive_annotated,depth,id_switch_rate,16,0.04324216118219586,0.0559583919664177,0.019512619195730285,0.07168288127430714,0.013550266545987082,0.07729934319672187
frames_in_order,consecutive_annotated,depth,class_switch_rate,16,0.005280172413793104,0.014703689130243561,0.0,0.012715517241379311,0.0,0.01207136015325667
frames_in_order,consecutive_annotated,depth,matched_pairs,16,63.4375,39.11345676362548,46.875,84.0625,46.74967105263158,88.06678571428571
frames_in_order,consecutive_annotated,depth,fragmentation_mean,16,1.0589484253846466,0.09449364283210238,1.0195609040717737,1.1086508063370275,1.0232056590752243,1.1177052345092624
frames_in_order,consecutive_annotated,depth,fragmentation_ge2,16,0.05894842538464661,0.09449364283210238,0.01929946457749767,0.10975664948950593,0.022134387351778657,0.11610442546583846
frames_in_order,consecutive_annotated,depth,gt_tracks_matched,16,9.6875,5.895973202110064,7.0625,12.625,6.538461538461538,13.714285714285714
frames_in_order,consecutive_annotated,depth,survival_forward,16,0.9162147624201196,0.08914363647443485,0.8700884402056277,0.9548771314870645,0.8572603415103414,0.9558298776423448
frames_in_order,consecutive_annotated,depth,survival_backward,16,0.9280878727753727,0.07826191803443311,0.8891829981361231,0.9614753863035113,0.8792806208341925,0.9686363636363636
frames_in_order,consecutive_annotated,depth,reappearance_rate,16,0.2273584054834055,0.1308933012134841,0.16651729347041846,0.28909141639610386,0.1469029694264069,0.31923363095238094
frames_in_order,consecutive_annotated,depth,reappear_same_gt,6,0.0,0.0,0.0,0.0,0.0,0.0
frames_in_order,consecutive_annotated,depth,reappear_same_class,6,0.9166666666666666,0.2041241452319315,0.75,1.0,0.75,1.0
frames_in_order,consecutive_annotated,depth,reappear_events_judged,16,0.625,1.0878112581387147,0.1875,1.1875,0.25,1.2727272727272727
frames_in_order,consecutive_annotated,depth,seeded_regions,16,7.875,2.1563858652847827,6.8125,8.8125,6.8329545454545455,8.733333333333333
frames_in_order,consecutive_annotated,normal,id_switch_rate,16,0.028104977809550964,0.026636597876499985,0.01620904731710517,0.04125341799736055,0.014422460108219968,0.04593673355051088
frames_in_order,consecutive_annotated,normal,class_switch_rate,16,0.004343525966077986,0.010409248854529068,0.0,0.01012360115404791,0.0,0.010840383606601476
frames_in_order,consecutive_annotated,normal,matched_pairs,16,88.8125,45.00699019782001,68.8125,110.875,65.0,112.57214285714285
frames_in_order,consecutive_annotated,normal,fragmentation_mean,16,1.0510254502442002,0.06049997679713178,1.0235042735042734,1.082363519726801,1.0223588217338218,1.090105235042735
frames_in_order,consecutive_annotated,normal,fragmentation_ge2,16,0.05102545024420024,0.06049997679713178,0.02425213675213675,0.08149503491300364,0.022208566287513654,0.08892857142857143
frames_in_order,consecutive_annotated,normal,gt_tracks_matched,16,11.5625,4.704164821375487,9.5,13.9375,8.9,14.6875
frames_in_order,consecutive_annotated,normal,survival_forward,16,0.9030967048824192,0.07434067641409998,0.8648318261599512,0.9348885972658293,0.8437613378684807,0.9350165731348308
frames_in_order,consecutive_annotated,normal,survival_backward,16,0.9066435185185185,0.06908053081093533,0.8742275068681319,0.9384479739010989,0.8757493841183746,0.9357890094236248
frames_in_order,consecutive_annotated,normal,reappearance_rate,16,0.2862869769119769,0.16080898348491568,0.2112961517649018,0.3614517687173937,0.20615207526391738,0.38056172993672976
frames_in_order,consecutive_annotated,normal,reappear_same_gt,6,0.16666666666666666,0.408248290463863,0.0,0.5,0.0,0.6
frames_in_order,consecutive_annotated,normal,reappear_same_class,6,0.875,0.30618621784789724,0.625,1.0,0.55,1.0
frames_in_order,consecutive_annotated,normal,reappear_events_judged,16,0.6875,1.138346754435279,0.1875,1.3125,0.26666666666666666,1.0588235294117647
frames_in_order,consecutive_annotated,normal,seeded_regions,16,10.5,3.119829055146024,9.125,12.0625,8.625,12.166666666666666
frames_in_order,adjacent_samples,rgb,id_switch_rate,16,0.04238973734809342,0.03248616218098573,0.02737936057477029,0.05826767752709426,0.025896975250350417,0.060146066627457
frames_in_order,adjacent_samples,rgb,class_switch_rate,16,0.004246727874533595,0.011106146698103388,0.0,0.010544678177980292,0.0,0.011918393831825642
frames_in_order,adjacent_samples,rgb,matched_pairs,16,101.5625,46.23990880902196,80.1875,124.25156249999998,80.58333333333333,125.16749999999999
frames_in_order,adjacent_samples,rgb,fragmentation_mean,16,1.056773711860921,0.04871603274447638,1.034084109930767,1.0808455127586667,1.029908424908425,1.0847154788974642
frames_in_order,adjacent_samples,rgb,fragmentation_ge2,16,0.05677371186092116,0.04871603274447639,0.03417722438252961,0.07975805854621261,0.02975206611570248,0.08526523791280732
frames_in_order,adjacent_samples,rgb,gt_tracks_matched,16,19.0625,9.168560410446124,15.125,23.6875,14.665909090909091,22.083423913043475
frames_in_order,adjacent_samples,rgb,survival_forward,16,0.8622657330156259,0.105008972196614,0.8109647918424892,0.9093426612660858,0.7872118266955447,0.9049229400404829
frames_in_order,adjacent_samples,rgb,survival_backward,16,0.871389404027382,0.08774073506166709,0.828818007163151,0.9111839263418747,0.8316331605764525,0.9120031424680106
frames_in_order,adjacent_samples,rgb,reappearance_rate,16,0.3500799643450974,0.16985842694368908,0.2717395696412047,0.43118194385002384,0.2670698668405869,0.444041547998498
frames_in_order,adjacent_samples,rgb,reappear_same_gt,9,0.018518518518518517,0.05555555555555555,0.0,0.05555555555555555,0.0,0.07142857142857142
frames_in_order,adjacent_samples,rgb,reappear_same_class,9,0.8333333333333334,0.3535533905932738,0.6111111111111112,1.0,0.5,1.0
frames_in_order,adjacent_samples,rgb,reappear_events_judged,16,1.125,1.6683325008322931,0.4375,2.0,0.46153846153846156,2.1818181818181817
frames_in_order,adjacent_samples,rgb,seeded_regions,16,19.6875,7.373092973779729,16.3125,23.3125,16.307692307692307,23.052704678362574
frames_in_order,adjacent_samples,depth,id_switch_rate,16,0.043855785699329145,0.05623584376629884,0.019497965339279198,0.0722747107189847,0.014369727115311438,0.07754072287572486
frames_in_order,adjacent_samples,depth,class_switch_rate,16,0.0054446460980036296,0.015242128037046365,0.0,0.014065335753176044,0.0,0.012605868118572257
frames_in_order,adjacent_samples,depth,matched_pairs,16,62.25,39.5145542806698,45.875,82.43906249999998,45.08291666666667,88.0
frames_in_order,adjacent_samples,depth,fragmentation_mean,16,1.0414966930891643,0.05905575104442858,1.0162854770531402,1.0714142376310194,1.018056519092998,1.075438662644545
frames_in_order,adjacent_samples,depth,fragmentation_ge2,16,0.041496693089164316,0.05905575104442859,0.016176470588235296,0.07182176221938048,0.018058129782453382,0.07532149987863501
frames_in_order,adjacent_samples,depth,gt_tracks_matched,16,11.0,5.585696017507576,8.5,13.75,8.222222222222221,14.333823529411758
frames_in_order,adjacent_samples,depth,survival_forward,16,0.9162147624201196,0.08914363647443485,0.8700884402056277,0.9548771314870645,0.8572603415103414,0.9558298776423448
frames_in_order,adjacent_samples,depth,survival_backward,16,0.9280878727753727,0.07826191803443311,0.8891829981361231,0.9614753863035113,0.8792806208341925,0.9686363636363636
frames_in_order,adjacent_samples,depth,reappearance_rate,16,0.2273584054834055,0.1308933012134841,0.16651729347041846,0.28909141639610386,0.1469029694264069,0.31923363095238094
frames_in_order,adjacent_samples,depth,reappear_same_gt,6,0.0,0.0,0.0,0.0,0.0,0.0
frames_in_order,adjacent_samples,depth,reappear_same_class,6,0.9166666666666666,0.2041241452319315,0.75,1.0,0.75,1.0
frames_in_order,adjacent_samples,depth,reappear_events_judged,16,0.625,1.0878112581387147,0.1875,1.1875,0.25,1.2727272727272727
frames_in_order,adjacent_samples,depth,seeded_regions,16,7.875,2.1563858652847827,6.8125,8.8125,6.8329545454545455,8.733333333333333
frames_in_order,adjacent_samples,normal,id_switch_rate,16,0.027751272562471237,0.025650279311700674,0.01630512768409812,0.04049234101915343,0.014318539070041958,0.04496971029161559
frames_in_order,adjacent_samples,normal,class_switch_rate,16,0.004715549775601795,0.01163891393235425,0.0,0.011074561403508772,0.0,0.01221400998022785
frames_in_order,adjacent_samples,normal,matched_pairs,16,87.0625,45.35852547573977,67.0625,109.43906249999998,63.0,110.83333333333333
frames_in_order,adjacent_samples,normal,fragmentation_mean,16,1.0434370525662884,0.06036350015687102,1.0171869193608325,1.0742737403716363,1.0149511193891545,1.0876406929287552
frames_in_order,adjacent_samples,normal,fragmentation_ge2,16,0.0434370525662885,0.06036350015687103,0.017040307971014492,0.07382656538611819,0.0146428209703118,0.08836517512988101
frames_in_order,adjacent_samples,normal,gt_tracks_matched,16,13.4375,5.537373023374893,10.9375,16.125,9.833333333333334,16.4375
frames_in_order,adjacent_samples,normal,survival_forward,16,0.9030967048824192,0.07434067641409998,0.8648318261599512,0.9348885972658293,0.8437613378684807,0.9350165731348308
frames_in_order,adjacent_samples,normal,survival_backward,16,0.9066435185185185,0.06908053081093533,0.8742275068681319,0.9384479739010989,0.8757493841183746,0.9357890094236248
frames_in_order,adjacent_samples,normal,reappearance_rate,16,0.2862869769119769,0.16080898348491568,0.2112961517649018,0.3614517687173937,0.20615207526391738,0.38056172993672976
frames_in_order,adjacent_samples,normal,reappear_same_gt,6,0.0,0.0,0.0,0.0,0.0,0.0
frames_in_order,adjacent_samples,normal,reappear_same_class,6,0.875,0.30618621784789724,0.625,1.0,0.55,1.0
frames_in_order,adjacent_samples,normal,reappear_events_judged,16,0.6875,1.138346754435279,0.1875,1.3125,0.26666666666666666,1.0588235294117647
frames_in_order,adjacent_samples,normal,seeded_regions,16,10.5,3.119829055146024,9.125,12.0625,8.625,12.166666666666666
