modality,metric,n,mean,sd,ci_low,ci_high,ci_low_video,ci_high_video
rgb,named_one,86,0.8924517782546127,0.07776009455843569,0.875776341473492,0.9079373923820693,0.8659434113491383,0.9181506611192742
rgb,named_many,86,0.030697869392832977,0.04754751918129652,0.02112435839294018,0.041478325165545185,0.01792019167878226,0.04441092551884727
rgb,named_none,86,0.0768503523525545,0.05446637152633597,0.06594104565728592,0.08876027700654116,0.061276642763240075,0.09269877680068149
rgb,regions,86,14.854154521287876,5.69124451197621,13.695386200000769,16.08961819276015,12.932584139456099,17.405847820585365
depth,named_one,86,0.7455050667076316,0.17280163109538582,0.7075175577492537,0.7799041634009979,0.691482827632004,0.7916520756741775
depth,named_many,86,0.17921540394434643,0.1753074340836872,0.14470750326902612,0.21817205970528197,0.13654910121780764,0.234440964785388
depth,named_none,86,0.07527952934802193,0.06443288521395564,0.06196400424916295,0.08869824202240993,0.058972405171352084,0.08915615018561611
depth,regions,86,6.502534032760582,2.568578181072241,5.967407243100103,7.041147890934718,5.80726976135416,7.208575974010003
normal,named_one,86,0.7868033998097622,0.164172283170243,0.7502354425381172,0.8182201124467424,0.7510041996491578,0.8175577238804925
normal,named_many,86,0.1258349169031769,0.16625916020531945,0.09415332274227746,0.16333838612613047,0.09346521534561505,0.16288749733063929
normal,named_none,86,0.08736168328706108,0.07019234650306673,0.07285119193465528,0.10256860321596611,0.06613709979773084,0.10565330600773032
normal,regions,86,8.133867164413735,3.2231339325780777,7.4636560718201475,8.806981989731765,7.345724094526381,8.872868797588533
