modality,pps,metric,pair,n,median_diff,ci_low,ci_high,mean_diff,mean_ci_low,mean_ci_high,mean_ci_low_video,mean_ci_high_video,p_raw,p_holm
depth,4,f1@0.5,merged - raw,27,0.004040404040404066,0.0,0.02524617453410022,0.028824757705558788,0.010178475611374041,0.05844238658915832,0.011965000492835632,0.055750457466724024,0.00043777719457466354,0.00043777719457466354
depth,6,f1@0.5,merged - raw,27,0.011792686891501092,0.0,0.03779612744783023,0.03900814586477124,0.016053927262768625,0.07012499650338935,0.016840312059363063,0.06725495187435349,0.0002930525201924893,0.0002930525201924893
depth,8,f1@0.5,merged - raw,27,0.021962774217451797,0.004246873021576614,0.0418529705588529,0.045555144861069825,0.022960185817261915,0.07626317692081173,0.024228942515181307,0.07165733420118142,5.956977907456359e-05,5.956977907456359e-05
depth,12,f1@0.5,merged - raw,27,0.033632601591361166,0.021235655914249585,0.06664645682834536,0.05445572661117132,0.03404450433985539,0.07780470787637445,0.03721009570485964,0.07044726775837432,2.7015948487105512e-05,2.7015948487105512e-05
depth,16,f1@0.5,merged - raw,27,0.04356311902751531,0.02203373447392576,0.07483408275590941,0.05958296523565636,0.03883593321518339,0.08243006264607095,0.041244347875313524,0.07543510465092128,2.7015948487105512e-05,2.7015948487105512e-05
depth,24,f1@0.5,merged - raw,27,0.047381461660637836,0.023576675849403206,0.07842527888348319,0.061237022416205114,0.04187014905273221,0.08280375082140443,0.044283382862060794,0.07526207478062522,1.2290322210248409e-05,1.2290322210248409e-05
depth,32,f1@0.5,merged - raw,27,0.037262728578013216,0.023523809523809502,0.08023858666273531,0.057705621576057436,0.038430166814611935,0.07900124366182333,0.04120829450066625,0.0744582978422249,1.2290322210248409e-05,1.2290322210248409e-05
depth,48,f1@0.5,merged - raw,27,0.05404176856929582,0.02203373447392576,0.0940521982317648,0.06612112434629715,0.042780445031392215,0.09169778412644103,0.04645865798921441,0.08689811682556041,1.821529714896801e-05,1.821529714896801e-05
normal,4,f1@0.5,merged - raw,27,0.06694388316847599,0.041031789392743656,0.0817477882845179,0.08704894023744202,0.059973313588727116,0.11710605416984825,0.05853552115175616,0.12274428376279511,1.821529714896801e-05,1.821529714896801e-05
normal,6,f1@0.5,merged - raw,27,0.08991119852571905,0.04136969182122108,0.13186813186813195,0.09946712042375996,0.07014156778036633,0.13278844566244724,0.0711550942784234,0.13791261651701853,1.821529714896801e-05,1.821529714896801e-05
normal,8,f1@0.5,merged - raw,27,0.08438057120120046,0.05927122919767225,0.11247065274109536,0.107546156150991,0.07643768992153363,0.14268172670615817,0.07963217909604658,0.14086058011721522,8.29809930635731e-06,8.29809930635731e-06
normal,12,f1@0.5,merged - raw,27,0.09491444564808782,0.07239814231662056,0.13071735530833162,0.12003164646584318,0.08505190093652161,0.15786073101510015,0.08214211422240428,0.1599347136897924,1.2290322210248409e-05,1.2290322210248409e-05
normal,16,f1@0.5,merged - raw,27,0.1258165631160284,0.09616908295111948,0.1653557208953138,0.14225483969112374,0.11263738929244974,0.17472759596527,0.10983585107961906,0.18259545941916497,1.4901161193847656e-08,1.4901161193847656e-08
normal,24,f1@0.5,merged - raw,27,0.11450642023764557,0.07007575757575757,0.17225627077176286,0.13323528581950628,0.10039583368748803,0.16990178115664942,0.09620698261190484,0.17233262983891215,1.4901161193847656e-08,1.4901161193847656e-08
normal,32,f1@0.5,merged - raw,27,0.12999084249084258,0.08621404159447643,0.17173779295432912,0.15110914407788872,0.1164199264882632,0.18792911171050505,0.11811168761273802,0.18830179964089702,1.4901161193847656e-08,1.4901161193847656e-08
normal,48,f1@0.5,merged - raw,27,0.1337837591136396,0.10307757086394864,0.15663749935421767,0.14015843502089664,0.10938678406027112,0.17356917746224537,0.1094087818569935,0.17337247078112658,1.4901161193847656e-08,1.4901161193847656e-08
rgb,4,f1@0.5,merged - raw,27,0.0745580808080808,0.03589873089873097,0.11991045991046001,0.09498735597034345,0.06720427243776551,0.1262663601058648,0.06705896745104718,0.1283368807672803,1.2290322210248409e-05,1.2290322210248409e-05
rgb,6,f1@0.5,merged - raw,27,0.13648171573868173,0.11453990453990459,0.17513580743302115,0.1598408816808828,0.1280324409355469,0.19575819965093338,0.12389642835118911,0.1998931941683687,8.29809930635731e-06,8.29809930635731e-06
rgb,8,f1@0.5,merged - raw,27,0.18156176308854266,0.14677933679007538,0.2383107313019337,0.20085548361373567,0.16650962123730298,0.23961563263505478,0.16309185008545096,0.2434271295162363,1.4901161193847656e-08,1.4901161193847656e-08
rgb,12,f1@0.5,merged - raw,27,0.2163322601214951,0.18502313732435305,0.26672422778126825,0.2281838207721547,0.19277486288469106,0.2632309100719913,0.18922315163161982,0.26769091338061873,1.4901161193847656e-08,1.4901161193847656e-08
rgb,16,f1@0.5,merged - raw,27,0.2546967410371576,0.21645201757537935,0.2866588526687463,0.25213340870213596,0.2159644720600567,0.2882732464760399,0.212832653252362,0.2918708729821461,1.4901161193847656e-08,1.4901161193847656e-08
rgb,24,f1@0.5,merged - raw,27,0.2570801113331064,0.18427143461566553,0.27600716335539743,0.2527667279565525,0.21413289652247083,0.2927335734083073,0.20745734377581204,0.3002987989862492,1.4901161193847656e-08,1.4901161193847656e-08
rgb,32,f1@0.5,merged - raw,27,0.26272402982217613,0.21229611757221556,0.27913306452295183,0.25625911388786315,0.21685563503071711,0.2982678205877925,0.21136532293896054,0.30158977165316053,1.4901161193847656e-08,1.4901161193847656e-08
rgb,48,f1@0.5,merged - raw,27,0.255891201734855,0.22150327742433007,0.3068769452681722,0.26075090570165904,0.22050129384727918,0.30036538024035314,0.21498914251408058,0.3047398542390801,1.4901161193847656e-08,1.4901161193847656e-08
depth,4,f1@0.75,merged - raw,27,0.0034546481186797096,0.0,0.025245363903830698,0.036308114973443086,0.014385980101582279,0.0639591616135938,0.015930016757381663,0.06137924702147213,0.00043777719457466354,0.00043777719457466354
depth,6,f1@0.75,merged - raw,27,0.0028282828282827355,0.0,0.0678295388821705,0.04620348937012584,0.020590567060159264,0.07745190818440448,0.021571289213093196,0.0741129995888107,0.0002930525201924893,0.0002930525201924893
depth,8,f1@0.75,merged - raw,27,0.02584671324323362,0.001965399034777021,0.08230582583910762,0.05292786539931403,0.02937745173805088,0.08133359136541089,0.02992230136071711,0.07879862823048218,5.956977907456359e-05,5.956977907456359e-05
depth,12,f1@0.75,merged - raw,27,0.03702266667525672,0.012501170593402111,0.08230582583910762,0.06195967798200073,0.03795556977080397,0.08886471924291146,0.04018823171643473,0.0842999371858939,2.7015948487105512e-05,2.7015948487105512e-05
depth,16,f1@0.75,merged - raw,27,0.039262818364985574,0.018345216874628645,0.1044670468277279,0.07102813107635664,0.04485561158862137,0.09894407333137388,0.04793227510697165,0.09061753409622925,2.7015948487105512e-05,2.7015948487105512e-05
depth,24,f1@0.75,merged - raw,27,0.0638263008285892,0.018407589220986398,0.09584622242813728,0.07617222404667724,0.049362884723506674,0.10465474314420821,0.05396316266042258,0.09582318413013322,1.2290322210248409e-05,1.2290322210248409e-05
depth,32,f1@0.75,merged - raw,27,0.03595145595145599,0.018407589220986398,0.10318994525314357,0.06652421110734623,0.04125595683351388,0.09393074633050191,0.04366828847204644,0.08715631272816582,1.2290322210248409e-05,1.2290322210248409e-05
depth,48,f1@0.75,merged - raw,27,0.033576103145481206,0.018407589220986398,0.09450997368644426,0.06548275430746761,0.04086138628757224,0.09343094341575714,0.04377744474084124,0.08418343422900684,1.821529714896801e-05,1.821529714896801e-05
normal,4,f1@0.75,merged - raw,27,0.07445567494283567,0.04072732264295731,0.1261303883594906,0.10739725341875672,0.06937518055319518,0.15324168083372133,0.06413523587827466,0.1614449259303588,1.821529714896801e-05,1.821529714896801e-05
normal,6,f1@0.75,merged - raw,27,0.10160013597513595,0.06904274761982276,0.13024106078184688,0.1226208896183495,0.0832808101432145,0.1711867847012613,0.08199709276027194,0.1765297421434043,1.821529714896801e-05,1.821529714896801e-05
normal,8,f1@0.75,merged - raw,27,0.09951996674652969,0.04702172827172829,0.13702961828489557,0.1285736473393944,0.08606047957270471,0.1794601379630468,0.09065445929636906,0.1726951986036377,8.29809930635731e-06,8.29809930635731e-06
normal,12,f1@0.75,merged - raw,27,0.11951951601359934,0.05253297742848817,0.175694354664943,0.14211255108239243,0.09568214260286624,0.19338991093808997,0.09686023422106252,0.18769357573531814,1.2290322210248409e-05,1.2290322210248409e-05
normal,16,f1@0.75,merged - raw,27,0.14432552603846915,0.09835060772560777,0.2099689362924657,0.15689385427858785,0.1170166996644932,0.20369349554689767,0.11305739647749095,0.21129957124937754,1.4901161193847656e-08,1.4901161193847656e-08
normal,24,f1@0.75,merged - raw,27,0.11539573211696774,0.06974639174965902,0.21720019631784337,0.14910479483705405,0.10596249490550227,0.19724375548240916,0.10388335407545686,0.19717076037707534,1.4901161193847656e-08,1.4901161193847656e-08
normal,32,f1@0.75,merged - raw,27,0.1522671801309572,0.08802690365190358,0.21038347263533935,0.1580198588876279,0.1133801157877956,0.20745782154927098,0.1155401615386893,0.21023963399414208,1.4901161193847656e-08,1.4901161193847656e-08
normal,48,f1@0.75,merged - raw,27,0.13232646985356955,0.0778287684537684,0.21038347263533935,0.15055233272878613,0.10867617040980636,0.1991716757178038,0.10842609623374024,0.19930029664379745,1.4901161193847656e-08,1.4901161193847656e-08
rgb,4,f1@0.75,merged - raw,27,0.1212288449682753,0.03904687904687909,0.17781307557225468,0.1305182336282923,0.08777797226542,0.17756753686427676,0.08811350147519932,0.18534054395973212,1.2290322210248409e-05,1.2290322210248409e-05
rgb,6,f1@0.75,merged - raw,27,0.1809964268976152,0.12358000616514553,0.22343938060941382,0.1923983250004,0.14752218441924328,0.24255162203491304,0.1397932161935983,0.25120615904947513,8.29809930635731e-06,8.29809930635731e-06
rgb,8,f1@0.75,merged - raw,27,0.23430059523809527,0.1489464009705324,0.25981329726925284,0.23312543428037735,0.18795948956731148,0.28699061817418986,0.18260316806158847,0.29633444255037933,1.4901161193847656e-08,1.4901161193847656e-08
rgb,12,f1@0.75,merged - raw,27,0.2674325803093898,0.21381948570714576,0.3134227035478425,0.2650810253251275,0.22001123993442245,0.3117497942925765,0.20867468855496085,0.326038081283878,1.4901161193847656e-08,1.4901161193847656e-08
rgb,16,f1@0.75,merged - raw,27,0.283040155917302,0.2099694790783767,0.3421249900556363,0.28474498569451606,0.24197204068828537,0.3315311055984363,0.2330423050566294,0.33599600356761966,1.4901161193847656e-08,1.4901161193847656e-08
rgb,24,f1@0.75,merged - raw,27,0.2736010465624755,0.2061145158601423,0.3413422935432505,0.28341000984268666,0.2330523094585755,0.33837778386072115,0.22448099927868279,0.34732666493631903,1.4901161193847656e-08,1.4901161193847656e-08
rgb,32,f1@0.75,merged - raw,27,0.25746904384582303,0.224798097394231,0.35497190882402335,0.28067264072760606,0.2285428507872117,0.33572904949301585,0.2190683787568504,0.34725964615802696,1.4901161193847656e-08,1.4901161193847656e-08
rgb,48,f1@0.75,merged - raw,27,0.2800436665137653,0.23765795742038637,0.3170634379512035,0.29267901868398993,0.24270025415857002,0.3465345107671614,0.23945033138440028,0.3488606487366838,1.4901161193847656e-08,1.4901161193847656e-08
depth,4,n_reg,merged - raw,27,-0.31818181818181746,-0.7272727272727275,0.0,-0.5226713210536741,-0.7884952548359414,-0.2980471421733677,-0.7129562335982373,-0.335934787740854,0.0002907605323283021,0.0002907605323283021
depth,6,n_reg,merged - raw,27,-0.3181818181818188,-1.0,0.0,-0.6586345952522424,-0.9769149943647495,-0.37349639367531545,-0.9624291203965117,-0.390248122391249,0.00019506589130048005,0.00019506589130048005
depth,8,n_reg,merged - raw,27,-0.6363636363636367,-1.1818181818181817,-0.3636363636363633,-0.8549404644012486,-1.1393219419922853,-0.5945486700572484,-1.089917913100117,-0.5819082006912198,4.0052719907497814e-05,4.0052719907497814e-05
depth,12,n_reg,merged - raw,27,-0.9000000000000004,-1.454545454545455,-0.5625,-0.9884510134019939,-1.249612703835743,-0.734175368884928,-1.222627545677362,-0.7100436322544501,2.695812077387092e-05,2.695812077387092e-05
depth,16,n_reg,merged - raw,27,-1.0,-1.7272727272727275,-0.8181818181818183,-1.33065201501476,-1.7175945890982656,-0.9587008772364165,-1.6557916241143795,-0.9024562083430211,1.821529714896801e-05,1.821529714896801e-05
depth,24,n_reg,merged - raw,27,-1.0909090909090917,-1.8125,-0.9000000000000004,-1.4187328702524782,-1.8088108801601448,-1.0415536156381748,-1.7418591798742362,-1.0048949253565063,1.2279185361336645e-05,1.2279185361336645e-05
depth,32,n_reg,merged - raw,27,-1.0909090909090908,-1.8125,-0.5909090909090908,-1.2993457214535644,-1.6800726699770818,-0.9397250115534429,-1.6426590625251072,-0.8651413302139043,1.2279185361336645e-05,1.2279185361336645e-05
depth,48,n_reg,merged - raw,27,-1.5454545454545467,-1.8800000000000008,-0.6363636363636358,-1.4674571107904442,-1.9162829862584767,-1.0417196745701647,-1.8704135545545277,-0.9559976144466054,1.821529714896801e-05,1.821529714896801e-05
normal,4,n_reg,merged - raw,27,-1.4375,-1.7142857142857144,-0.8181818181818183,-1.3103860028860028,-1.6150044415914515,-1.025859883852531,-1.6515143978584965,-0.98496674225693,1.2279185361336645e-05,1.2279185361336645e-05
normal,6,n_reg,merged - raw,27,-1.75,-2.1818181818181825,-1.04,-1.6972950796480208,-2.0882190968980185,-1.301375988526724,-2.1074493762238435,-1.3519138672357054,1.8179489321282247e-05,1.8179489321282247e-05
normal,8,n_reg,merged - raw,27,-1.875,-2.454545454545454,-1.4399999999999995,-1.9748193418781652,-2.373002324835658,-1.6038342163464714,-2.3729984550743373,-1.5843975751576855,8.29809930635731e-06,8.29809930635731e-06
normal,12,n_reg,merged - raw,27,-2.3599999999999994,-2.9375,-1.2727272727272725,-2.3642843231568724,-2.908656736600364,-1.8097787279895126,-3.0161488563310703,-1.6876634001664637,1.2290322210248409e-05,1.2290322210248409e-05
normal,16,n_reg,merged - raw,27,-3.0999999999999988,-3.68181818181818,-2.6499999999999995,-3.051526587065803,-3.487435641428289,-2.5983663066236597,-3.5468583876505155,-2.546860012642024,1.4901161193847656e-08,1.4901161193847656e-08
normal,24,n_reg,merged - raw,27,-2.8333333333333335,-3.7647058823529402,-2.0,-2.8467503701817427,-3.409003926991672,-2.2908223328051758,-3.454195812209181,-2.2039134230000537,1.4901161193847656e-08,1.4901161193847656e-08
normal,32,n_reg,merged - raw,27,-3.1764705882352935,-4.0,-2.0,-3.0876879202859593,-3.6532507374161782,-2.5243668459808166,-3.642790235043861,-2.5125140317490637,1.4901161193847656e-08,1.4901161193847656e-08
normal,48,n_reg,merged - raw,27,-3.1818181818181817,-3.904761904761904,-1.8823529411764692,-3.068138174461703,-3.582885560200511,-2.5463068028558227,-3.5821583870445712,-2.516301947199334,5.597410005700974e-06,5.597410005700974e-06
rgb,4,n_reg,merged - raw,27,-1.7272727272727275,-2.0,-1.1818181818181817,-1.653586070791953,-2.004888066590273,-1.303692562883739,-2.039196032877798,-1.3029918807590377,1.2268056633232531e-05,1.2268056633232531e-05
rgb,6,n_reg,merged - raw,27,-3.09090909090909,-4.2352941176470615,-2.333333333333334,-3.353939724037763,-4.029716800356506,-2.693856155509341,-4.1357756873939735,-2.5765451877228163,8.29809930635731e-06,8.29809930635731e-06
rgb,8,n_reg,merged - raw,27,-4.633333333333334,-6.090909090909092,-3.545454545454543,-4.846593691348594,-5.585683043082552,-4.104977373525168,-5.734065742659607,-4.007279985604028,5.601761882966655e-06,5.601761882966655e-06
rgb,12,n_reg,merged - raw,27,-6.590909090909091,-7.9090909090909065,-5.0,-6.349260626809645,-7.331795089079402,-5.3314894144526495,-7.342295562660801,-5.23291840223891,5.601761882966655e-06,5.601761882966655e-06
rgb,16,n_reg,merged - raw,27,-7.636363636363635,-8.48,-5.40909090909091,-7.517590706316197,-8.846135281974743,-6.220714354091807,-8.820618009986125,-6.155525166569364,1.4901161193847656e-08,1.4901161193847656e-08
rgb,24,n_reg,merged - raw,27,-8.0,-9.04,-5.40909090909091,-7.7239826604042285,-9.08764242506767,-6.410722903639571,-9.18313271496615,-6.236566395944742,1.4901161193847656e-08,1.4901161193847656e-08
rgb,32,n_reg,merged - raw,27,-7.818181818181819,-9.454545454545455,-5.409090909090908,-7.934971517226419,-9.457687989842402,-6.491171595153214,-9.185446213712758,-6.515548475829726,1.4901161193847656e-08,1.4901161193847656e-08
rgb,48,n_reg,merged - raw,27,-7.8125,-9.545454545454547,-5.545454545454545,-8.343509110714994,-9.932892899584077,-6.836543296527365,-9.735066264053142,-6.774559193404635,5.5887145476589365e-06,5.5887145476589365e-06
depth,4,n_pred,merged - raw,27,-0.1363636363636349,-0.4400000000000004,0.0,-0.4073494751435927,-0.6157234477124183,-0.22409668581237227,-0.550716225797529,-0.2637086218805704,0.0004339135941093194,0.0004339135941093194
depth,6,n_pred,merged - raw,27,-0.2727272727272725,-1.0,0.0,-0.6050420875420875,-0.9210170454545454,-0.33718939393939407,-0.8991835178710179,-0.3458990408113392,0.00029018956562024985,0.00029018956562024985
depth,8,n_pred,merged - raw,27,-0.6363636363636367,-1.0909090909090908,-0.22727272727272663,-0.7759261617104755,-1.054254356119552,-0.5145162767969141,-1.0182000455950404,-0.4992707575757578,5.956977907456359e-05,5.956977907456359e-05
depth,12,n_pred,merged - raw,27,-0.8800000000000003,-1.2333333333333334,-0.5625,-0.8859267747503042,-1.1325867303992303,-0.6430046219666321,-1.1003499906560867,-0.6316094685898076,2.6987022409679446e-05,2.6987022409679446e-05
depth,16,n_pred,merged - raw,27,-1.0,-1.6000000000000005,-0.6363636363636367,-1.1937764432372275,-1.5627365219656888,-0.8540522085938752,-1.4972640742083931,-0.8156311090225565,2.6987022409679446e-05,2.6987022409679446e-05
depth,24,n_pred,merged - raw,27,-1.0909090909090917,-1.7333333333333334,-0.6363636363636358,-1.2017251412349452,-1.529259929476841,-0.8920504113261468,-1.5003985824933421,-0.8412537381193944,1.2290322210248409e-05,1.2290322210248409e-05
depth,32,n_pred,merged - raw,27,-1.0909090909090908,-1.454545454545455,-0.5625,-1.0828964009846362,-1.398293488691773,-0.7825310687406278,-1.367941891360882,-0.7209407335434178,1.2279185361336645e-05,1.2279185361336645e-05
depth,48,n_pred,merged - raw,27,-1.4333333333333327,-1.7272727272727284,-0.6363636363636358,-1.284495704005508,-1.6710028305935172,-0.9054416397872284,-1.627971218400916,-0.846897008183439,1.821529714896801e-05,1.821529714896801e-05
normal,4,n_pred,merged - raw,27,-1.09090909090909,-1.4375,-0.75,-1.1472811919380546,-1.4355331684020405,-0.8783621267530581,-1.4784821069336829,-0.8325637735102457,1.816160646059112e-05,1.816160646059112e-05
normal,6,n_pred,merged - raw,27,-1.3636363636363633,-1.954545454545455,-0.9375,-1.509496222731517,-1.8633635744701924,-1.1614949866310165,-1.8854291483638912,-1.1725123991313697,1.821529714896801e-05,1.821529714896801e-05
normal,8,n_pred,merged - raw,27,-1.7272727272727275,-2.0588235294117645,-1.25,-1.7597606315253376,-2.1439238274434356,-1.3844479717813054,-2.1508659072837353,-1.3765608126721762,8.29809930635731e-06,8.29809930635731e-06
normal,12,n_pred,merged - raw,27,-2.2799999999999994,-2.76,-1.166666666666667,-2.0912768440709617,-2.6042874184185463,-1.591681260551359,-2.6848627482811307,-1.458665402232039,1.2290322210248409e-05,1.2290322210248409e-05
normal,16,n_pred,merged - raw,27,-2.7272727272727284,-3.1428571428571432,-1.9333333333333336,-2.636986060417433,-3.067452854289865,-2.2188332861764244,-3.096374148626393,-2.163024415961672,1.4901161193847656e-08,1.4901161193847656e-08
normal,24,n_pred,merged - raw,27,-2.181818181818185,-2.88,-1.5454545454545459,-2.404640617189637,-2.897635761796301,-1.9315667376378163,-2.940385568594442,-1.8351472259358292,1.4901161193847656e-08,1.4901161193847656e-08
normal,32,n_pred,merged - raw,27,-2.76,-3.0588235294117636,-1.8181818181818183,-2.674948174556018,-3.195416773948637,-2.1752006214101804,-3.187608902193289,-2.1426571065514484,1.4901161193847656e-08,1.4901161193847656e-08
normal,48,n_pred,merged - raw,27,-2.6818181818181843,-3.0,-1.764705882352942,-2.5469304152637484,-2.998624958737704,-2.116716197926983,-3.044622808812005,-2.0369382881334355,1.4901161193847656e-08,1.4901161193847656e-08
rgb,4,n_pred,merged - raw,27,-1.3666666666666663,-1.7647058823529402,-1.09090909090909,-1.4606757585188956,-1.7784187769383846,-1.1376682399390732,-1.7808147588159844,-1.1838482066000449,1.2279185361336645e-05,1.2279185361336645e-05
rgb,6,n_pred,merged - raw,27,-2.409090909090909,-3.6470588235294112,-1.8181818181818192,-2.9533689839572195,-3.6072294967650365,-2.338831802502145,-3.707968698137563,-2.265541641909289,8.291147751986402e-06,8.291147751986402e-06
rgb,8,n_pred,merged - raw,27,-4.227272727272728,-5.0625,-2.818181818181815,-4.157936107102774,-4.81526442117251,-3.4918886454413425,-4.948175073142279,-3.3816567973885685,5.601761882966655e-06,5.601761882966655e-06
rgb,12,n_pred,merged - raw,27,-4.954545454545453,-6.32,-4.090909090909091,-5.141138509275764,-5.981441741764046,-4.291181285898198,-5.900747615282001,-4.293911540506485,1.4901161193847656e-08,1.4901161193847656e-08
rgb,16,n_pred,merged - raw,27,-6.090909090909091,-7.235294117647056,-4.666666666666667,-6.159103287779758,-7.286699593979006,-5.085668020069981,-7.16436727776357,-5.012292507712875,1.4901161193847656e-08,1.4901161193847656e-08
rgb,24,n_pred,merged - raw,27,-6.136363636363637,-7.545454545454545,-4.727272727272727,-6.320165756538306,-7.47700872697564,-5.183744860486281,-7.521207176620648,-5.048692472856911,1.4901161193847656e-08,1.4901161193847656e-08
rgb,32,n_pred,merged - raw,27,-5.545454545454545,-7.866666666666666,-4.454545454545454,-6.423773330881174,-7.7202139237850025,-5.1727007033453125,-7.455171504627419,-5.222737096985258,1.4901161193847656e-08,1.4901161193847656e-08
rgb,48,n_pred,merged - raw,27,-6.5600000000000005,-7.363636363636362,-4.0625,-6.701820681134406,-8.164365535018721,-5.386646421026326,-7.892056353615113,-5.275256650776339,1.4901161193847656e-08,1.4901161193847656e-08
depth,4,miou,merged - raw,27,0.0,0.0,0.0,-0.0003423726227389121,-0.0009950858050408705,-2.9111437396338673e-06,-0.000965564433642509,-3.7450880628119887e-06,0.07961580146011343,0.07961580146011343
depth,6,miou,merged - raw,27,0.0,0.0,0.0,-0.0006258570428605373,-0.0014260624901728744,-3.6911762853660456e-05,-0.0011727341344918252,-5.639975800540431e-05,0.017960477526078766,0.017960477526078766
depth,8,miou,merged - raw,27,0.0,0.0,0.0,-0.000702704610353145,-0.0018774809337472598,-1.9135084112867003e-05,-0.0016116186545256186,-2.437760970269709e-05,0.011718685599768628,0.011718685599768628
depth,12,miou,merged - raw,27,0.0,0.0,0.0,-0.0007262738429782115,-0.0017431299283639263,-4.0451167963253375e-05,-0.001463103503189437,-5.219924815816346e-05,0.017290280592906253,0.017290280592906253
depth,16,miou,merged - raw,27,0.0,0.0,0.0,-0.0006664200679794336,-0.0012806766589754715,-0.00016185966534965253,-0.0011420967091316575,-0.0002065183172980442,0.011718685599768628,0.011718685599768628
depth,24,miou,merged - raw,27,0.0,0.0,0.0,-0.0006703997108642198,-0.001467295047716976,-3.359681804297875e-05,-0.0013738024278910524,-4.387726499209154e-05,0.011718685599768628,0.011718685599768628
depth,32,miou,merged - raw,27,0.0,0.0,0.0,-0.0007933199121459392,-0.0018535831145986151,-8.381100567043685e-05,-0.0017430278192564759,-2.4681331149342678e-05,0.017960477526078766,0.017960477526078766
depth,48,miou,merged - raw,27,0.0,-4.355192156912935e-07,0.0,-0.00047985055701522386,-0.0010136533999295942,-3.795685346683462e-05,-0.0008115919016263381,-6.040248239305943e-05,0.007685794055213263,0.007685794055213263
normal,4,miou,merged - raw,27,0.0,-3.801609635978309e-07,0.0,-0.0010267713907858773,-0.002079916410968126,-0.000232434969233098,-0.0018698364079310205,-0.00029668282738994013,0.007685794055213263,0.007685794055213263
normal,6,miou,merged - raw,27,0.0,-1.1690406239772688e-05,0.0,-0.000932528263810075,-0.00195672974064477,-0.00015102003107923676,-0.0018027966520735607,-0.00017779988317530147,0.012792160247732852,0.012792160247732852
normal,8,miou,merged - raw,27,0.0,-9.9312897503534e-06,0.0,-0.0009515081478461963,-0.0019522645186168166,-0.00017381958940915665,-0.0018170166854358457,-0.00016315957254241744,0.007685794055213263,0.007685794055213263
normal,12,miou,merged - raw,27,0.0,0.0,0.0,-0.0009487692538291732,-0.0019328850639650423,-0.0001698764601199554,-0.0017689886659258871,-0.00020424833606474645,0.03665792867221451,0.03665792867221451
normal,16,miou,merged - raw,27,0.0,-6.236143115778692e-05,0.0,-0.0010341194871476657,-0.0020742946579647556,-0.0002482406455627858,-0.0019488203404591528,-0.00026483850633364747,0.005847075797320481,0.005847075797320481
normal,24,miou,merged - raw,27,0.0,-1.1352738248482375e-05,0.0,-0.0010104687070182495,-0.0020554019717798208,-0.00018212333695794925,-0.0019268955513325116,-0.00018632819269089648,0.009925485845323257,0.009925485845323257
normal,32,miou,merged - raw,27,0.0,-5.351794777486152e-05,0.0,-0.0009698646208290726,-0.002010776396099143,-0.00018403138200422136,-0.0018470682700281217,-0.0001824996016409665,0.004741768038406972,0.004741768038406972
normal,48,miou,merged - raw,27,0.0,-5.617953625236538e-05,0.0,-0.001057124337395342,-0.0021146213110206794,-0.0002810596146744244,-0.0019271602307115979,-0.000291473906112105,0.0033456181158508813,0.0033456181158508813
rgb,4,miou,merged - raw,27,0.0,0.0,0.0,-0.00024456450695489843,-0.0006731820220981042,-4.194203299305947e-06,-0.0006648788343993332,-2.5578654347776667e-06,0.043114446783075355,0.043114446783075355
rgb,6,miou,merged - raw,27,0.0,-5.941135259313057e-07,0.0,-0.0006374582036279069,-0.0012697158548439056,-0.00011820106599645448,-0.0012055876316505222,-0.00016155566176080156,0.007685794055213263,0.007685794055213263
rgb,8,miou,merged - raw,27,0.0,-7.115405460933477e-05,0.0,-0.0008416829183487345,-0.0016583064183748565,-0.0001917816379041777,-0.0015998576063058862,-0.00023254530515393355,0.002217721464237049,0.002217721464237049
rgb,12,miou,merged - raw,27,0.0,-8.081640527357603e-05,0.0,-0.0011304550728545284,-0.002205980957110627,-0.00026584439290893265,-0.0022143957211670237,-0.0003214612763051037,0.0033456181158508813,0.0033456181158508813
rgb,16,miou,merged - raw,27,-1.1074617283890476e-05,-0.00020655875344932628,0.0,-0.000987766192849694,-0.0018243772964008761,-0.0003094209148973834,-0.001778477347547294,-0.0003166373538068975,0.00043777719457466354,0.00043777719457466354
rgb,24,miou,merged - raw,27,0.0,-0.00014842226315336937,0.0,-0.0008854859956393906,-0.0017545430490621423,-0.00022866089127555444,-0.0016590885515382848,-0.000282797861475698,0.0012250235420688657,0.0012250235420688657
rgb,32,miou,merged - raw,27,-5.624584122898568e-06,-7.777154361077177e-05,0.0,-0.0009869566730008749,-0.0018618121992047063,-0.0002654429402789226,-0.00173265416129549,-0.00032726869847651217,0.0003270126629328652,0.0003270126629328652
rgb,48,miou,merged - raw,27,0.0,-4.075329472008615e-05,0.0,-0.0010177784884214845,-0.0020145148874427298,-0.00020822873480162032,-0.002016152979523075,-0.00021726903602875273,0.0014737808438751421,0.0014737808438751421
