variant,modality,pps,metric,n,mean,sd,ci_low,ci_high,ci_low_video,ci_high_video
merged,depth,4,f1@0.5,27,0.46683110778241615,0.18684313662096988,0.39896463759541034,0.5365412280569268,0.3991191456532979,0.5487508718016596
raw,depth,4,f1@0.5,27,0.43800635007685734,0.18554875044795363,0.3704496709221919,0.5081694530886569,0.3690246036938055,0.5230777082274397
merged,depth,6,f1@0.5,27,0.5037925058292347,0.20147984396037927,0.4299170776590141,0.5774313689656991,0.43280278442833947,0.5905141220198545
raw,depth,6,f1@0.5,27,0.4647843599644635,0.1853492919051868,0.3970483987410987,0.5343277324491513,0.39648753847906987,0.5468154351859237
merged,depth,8,f1@0.5,27,0.5189511671399845,0.19541273666827874,0.44590239862257236,0.5922466735246789,0.4503240749037238,0.5941243961301129
raw,depth,8,f1@0.5,27,0.47339602227891464,0.18235685131586404,0.40643222920742755,0.5408825528657029,0.41101047896711224,0.5450148862743184
merged,depth,12,f1@0.5,27,0.5393341446546674,0.19874033243000433,0.46530024868984776,0.6114768439451508,0.47282930806663853,0.6105289881723166
raw,depth,12,f1@0.5,27,0.4848784180434961,0.1788275957460449,0.4197383525461288,0.5519183182194468,0.4241446386261683,0.5549375463801507
merged,depth,16,f1@0.5,27,0.530857275115956,0.18156305083193036,0.46324639145643515,0.5975177184288842,0.46626533935961845,0.6045765967293805
raw,depth,16,f1@0.5,27,0.4712743098802996,0.16399488752429114,0.41202396089231,0.5320440733678315,0.4120247229591452,0.5410803251505282
merged,depth,24,f1@0.5,27,0.5330911986885845,0.18160834025087588,0.4648622820806942,0.6002937382051737,0.467263873940231,0.6100667086176232
raw,depth,24,f1@0.5,27,0.4718541762723793,0.1619244135134809,0.41310442179479145,0.5319329876556244,0.4131408056243145,0.544056641349755
merged,depth,32,f1@0.5,27,0.5158956873879034,0.17704358057326358,0.44873038382252634,0.5808777497879523,0.4594269155752123,0.5804735856318679
raw,depth,32,f1@0.5,27,0.4581900658118459,0.1548841113456996,0.4018972359508572,0.5165722521080975,0.40811248623759705,0.5181387016423497
merged,depth,48,f1@0.5,27,0.5322868418335104,0.18898624999554664,0.46189906840887246,0.6020300936252037,0.46698331043243085,0.6056572151347294
raw,depth,48,f1@0.5,27,0.46616571748721325,0.1765455139702012,0.4034117472518655,0.5303266159212452,0.4035369296192445,0.5412265120352209
merged,normal,4,f1@0.5,27,0.6405397826090854,0.14524199399223167,0.5860500631245096,0.6934818302265935,0.5759744743149655,0.7088331597688438
raw,normal,4,f1@0.5,27,0.5534908423716434,0.13904826538124285,0.5024722344281941,0.605307057900769,0.49330852971780254,0.6211116049467061
merged,normal,6,f1@0.5,27,0.6866495886993579,0.1575770027907207,0.6254489593771998,0.7428191329533903,0.6190799528940235,0.7478029975134025
raw,normal,6,f1@0.5,27,0.5871824682755982,0.16273766509610477,0.5265697246719874,0.6475626150427192,0.5185360686383984,0.652294722538467
merged,normal,8,f1@0.5,27,0.6835876174671554,0.16406812673590226,0.6229798496888247,0.742224820491291,0.6166681611656988,0.7403044042051995
raw,normal,8,f1@0.5,27,0.5760414613161644,0.17336209533143523,0.5099059446035129,0.6381284507773618,0.505791616276999,0.6410681114348827
merged,normal,12,f1@0.5,27,0.6977672464491609,0.16649469065563152,0.6352164178147759,0.7585312088585203,0.6322170651252813,0.7609992131861755
raw,normal,12,f1@0.5,27,0.5777355999833177,0.17281626760455635,0.5129190728447637,0.6400392318334526,0.5129266486867398,0.6465128629189081
merged,normal,16,f1@0.5,27,0.7172970971025905,0.1648635053933227,0.6534905568221006,0.7754672842736967,0.6499841077247785,0.7780177255989338
raw,normal,16,f1@0.5,27,0.5750422574114665,0.1621992356260282,0.5136081961113236,0.6350447792137139,0.5134580746532278,0.6344448189432752
merged,normal,24,f1@0.5,27,0.7136513602134392,0.16328751392783292,0.6530221661833124,0.7718985969048335,0.640205263928717,0.7720722117444376
raw,normal,24,f1@0.5,27,0.580416074393933,0.16195549213823937,0.5188412479517186,0.6382026931061424,0.518957967379743,0.6419383618716167
merged,normal,32,f1@0.5,27,0.7094339236661164,0.1772071038569988,0.6399996487378354,0.7721987939505067,0.6307228631031797,0.7755740299969761
raw,normal,32,f1@0.5,27,0.5583247795882275,0.17900385576819186,0.49133424876937326,0.6248407087293063,0.48839353509262307,0.6265655429934179
merged,normal,48,f1@0.5,27,0.6850039709349367,0.17512173864744696,0.6189282226650215,0.7489768527125643,0.6202070306391352,0.7443787655486436
raw,normal,48,f1@0.5,27,0.5448455359140402,0.16307291373600616,0.482849996614965,0.6044040465171745,0.48535935748839243,0.6052924554666674
merged,rgb,4,f1@0.5,27,0.6564111537254099,0.13639161660048768,0.6062884373079661,0.706698772688043,0.5954037484982327,0.7263184361668199
raw,rgb,4,f1@0.5,27,0.5614237977550665,0.12084470027394306,0.5170978720918413,0.606334365354328,0.5107912335974361,0.6241614168475965
merged,rgb,6,f1@0.5,27,0.7471073471602906,0.09333490294159823,0.7107301393832237,0.7808070769571778,0.7074365442343438,0.7906759892983053
raw,rgb,6,f1@0.5,27,0.5872664654794076,0.10697965509947995,0.5480610075898397,0.6252818928967276,0.5434806221549356,0.6404225038873056
merged,rgb,8,f1@0.5,27,0.7755872674381047,0.11014791242852541,0.733981795062595,0.815192323052593,0.728928604599495,0.8243898546752156
raw,rgb,8,f1@0.5,27,0.5747317838243693,0.12019581437128642,0.5300509397966782,0.6197123354253836,0.5317768007799369,0.6262424967259761
merged,rgb,12,f1@0.5,27,0.807235854225263,0.09237440437047068,0.7715483922194875,0.8406019510388043,0.7576453351608503,0.8558434260153339
raw,rgb,12,f1@0.5,27,0.5790520334531083,0.109002421185216,0.5392074829558895,0.6178142783882418,0.5383505078823443,0.626472718563624
merged,rgb,16,f1@0.5,27,0.8043777028210598,0.09068979575084693,0.7695403306253308,0.8371886508053002,0.7624631877488359,0.8470962280909894
raw,rgb,16,f1@0.5,27,0.5522442941189238,0.10476212226219751,0.5137055980638554,0.5914286292208372,0.5145866826701789,0.5976386010431636
merged,rgb,24,f1@0.5,27,0.804339183964804,0.09546988358892676,0.7687942575347663,0.8384223879179069,0.7641179297557426,0.8449186024968011
raw,rgb,24,f1@0.5,27,0.5515724560082513,0.12299018369154537,0.5057986486540683,0.5977965065032254,0.5035686802175058,0.607941330671572
merged,rgb,32,f1@0.5,27,0.8041278913253055,0.09061381092614182,0.7697898847358159,0.8365780497518146,0.7625823065591062,0.8465435417618624
raw,rgb,32,f1@0.5,27,0.5478687774374423,0.125203324931917,0.5010026292612042,0.5941784572431554,0.5033842992067975,0.5993674340873186
merged,rgb,48,f1@0.5,27,0.8122022831727961,0.07627562231589033,0.7842036155387536,0.8394628600511213,0.7761813003864269,0.850883956961333
raw,rgb,48,f1@0.5,27,0.5514513774711371,0.1144416065769052,0.509041815981369,0.593497958283258,0.5086628088076196,0.6026851467600038
merged,depth,4,f1@0.75,27,0.29675633142153157,0.14499551532375127,0.24314286644659142,0.3504691906976492,0.2420887894471091,0.35398743243881287
raw,depth,4,f1@0.75,27,0.2604482164480885,0.15947578392443454,0.20222128623026336,0.3213075679434029,0.19572688772041102,0.3265834822167536
merged,depth,6,f1@0.75,27,0.3364411124188177,0.15267076649727276,0.2822537515949711,0.3952325534244423,0.2838836626233225,0.39654149611473205
raw,depth,6,f1@0.75,27,0.29023762304869183,0.14490579949684756,0.23788918744925802,0.34571958999441116,0.236963000127457,0.3487446048677713
merged,depth,8,f1@0.75,27,0.3473677333371036,0.14872322022211493,0.29444638212619373,0.40408787492671144,0.29477126618807387,0.4038589715796418
raw,depth,8,f1@0.75,27,0.2944398679377895,0.14329717494712935,0.24306747667404566,0.34701578141570677,0.24189242515970835,0.3484585384795727
merged,depth,12,f1@0.75,27,0.3586176236609814,0.13935036397770642,0.30731558115630825,0.41075745254958296,0.30845756446050926,0.4100410242388128
raw,depth,12,f1@0.75,27,0.2966579456789807,0.13193196302722446,0.24865007456897634,0.3457290400891299,0.2472401604507939,0.34793178359573773
merged,depth,16,f1@0.75,27,0.35480072493108844,0.14191014059797896,0.30395061024193,0.40794679936454453,0.3019033799909802,0.40743397539287746
raw,depth,16,f1@0.75,27,0.2837725938547318,0.12793465755051645,0.23847618642106908,0.33322274444361244,0.23672333260038317,0.33659509221745154
merged,depth,24,f1@0.75,27,0.3619767349951685,0.13852062460909265,0.31071748309789027,0.4153234770554411,0.31052404520634797,0.41372985674660456
raw,depth,24,f1@0.75,27,0.2858045109484912,0.127058822795642,0.2394902113091423,0.3332574080901762,0.23786023502805637,0.3371111760899423
merged,depth,32,f1@0.75,27,0.3507276406062574,0.13927688755547163,0.30120992193776125,0.40326949014920954,0.3031919576550906,0.39386587377059157
raw,depth,32,f1@0.75,27,0.2842034294989112,0.1335754112037164,0.23616971040507645,0.3358812150471183,0.23658585956179373,0.3338924948494373
merged,depth,48,f1@0.75,27,0.3526166856482995,0.14271717125154418,0.30045643137952227,0.4071796038967842,0.2991240007249448,0.4062607165839633
raw,depth,48,f1@0.75,27,0.2871339313408319,0.1353403648036891,0.23930105252077183,0.3398652948879664,0.23509107942740445,0.3446948860065957
merged,normal,4,f1@0.75,27,0.4872092471254683,0.18167549592128115,0.4204754452506603,0.5545808596490502,0.4096876906857648,0.5615926207561025
raw,normal,4,f1@0.75,27,0.3798119937067116,0.14918790615456315,0.3265566471587619,0.43629158701096127,0.3213221725959022,0.442837492047431
merged,normal,6,f1@0.75,27,0.5213605912491744,0.16337061169339162,0.46234658234880804,0.58322655473105,0.4544594075786535,0.5832578261610858
raw,normal,6,f1@0.75,27,0.39873970163082495,0.15668806456199966,0.33931915084786196,0.4557912919530994,0.32788208633273547,0.4634891816889265
merged,normal,8,f1@0.75,27,0.5250154410136383,0.1827838241540156,0.45814169264209553,0.5933604287673446,0.4519117075615344,0.5909424969967956
raw,normal,8,f1@0.75,27,0.39644179367424387,0.1596366295836683,0.3372246212406184,0.4546931775749646,0.32674114568271556,0.4629090350352021
merged,normal,12,f1@0.75,27,0.5292428980834971,0.18789441883941962,0.45960432391949374,0.5981047380786775,0.4567058504602054,0.5910609195696704
raw,normal,12,f1@0.75,27,0.38713034700110466,0.1559380386224893,0.3283192069229296,0.4452383273956933,0.3218825169418117,0.445781983177603
merged,normal,16,f1@0.75,27,0.5402817259086303,0.17417972173896126,0.4768393430824761,0.604880860494732,0.4696103582320024,0.6019921771959381
raw,normal,16,f1@0.75,27,0.38338787163004245,0.14202106318666868,0.32967963895363395,0.4346408315000877,0.3243270451763201,0.4349718885974051
merged,normal,24,f1@0.75,27,0.5384540877810834,0.1763024966182967,0.4732988474861595,0.6024729549533888,0.466183286097293,0.5968840012285052
raw,normal,24,f1@0.75,27,0.3893492929440293,0.14099676826601093,0.3374400437454913,0.44075281693027535,0.33095293544182314,0.44390493698585964
merged,normal,32,f1@0.75,27,0.5293406515727551,0.1819428087182434,0.46205050156516275,0.595850095909697,0.45457695440195234,0.5939565545127717
raw,normal,32,f1@0.75,27,0.3713207926851272,0.1514426954798426,0.31524367105154893,0.4249452108053492,0.3079993624578598,0.4306170940997774
merged,normal,48,f1@0.75,27,0.5116208472125657,0.18534240401258356,0.4412947654038749,0.5798500040955442,0.4463744884287891,0.5711305285438691
raw,normal,48,f1@0.75,27,0.36106851448377963,0.14503130886759094,0.30790898430111735,0.41357478721419827,0.3048824214860055,0.41547904323723067
merged,rgb,4,f1@0.75,27,0.5174611377854276,0.1736659439975147,0.45378950926419015,0.5810605325943196,0.43124368525694384,0.6082980598461245
raw,rgb,4,f1@0.75,27,0.38694290415713534,0.1348416606792549,0.3369899801006447,0.43716672984865157,0.32658102773903375,0.4534976860214516
merged,rgb,6,f1@0.75,27,0.5966120403698121,0.1632070396120684,0.5354790348947029,0.6574917979823961,0.5178735293631183,0.6787822987326171
raw,rgb,6,f1@0.75,27,0.4042137153694121,0.12672295675113385,0.35803928341342306,0.45265182410926785,0.35396330848106294,0.4642566923820259
merged,rgb,8,f1@0.75,27,0.6146941167898303,0.16629880042688086,0.55248143455489,0.6749036050945565,0.5352587078722372,0.6949421430669375
raw,rgb,8,f1@0.75,27,0.3815686825094531,0.15135822364939966,0.32694250621922416,0.4374828212780748,0.3197095073676332,0.4523803280680628
merged,rgb,12,f1@0.75,27,0.6512223994666682,0.1587114539739822,0.5911202237564294,0.7088891907862052,0.5641307793442017,0.7330461974496789
raw,rgb,12,f1@0.75,27,0.38614137414154065,0.13832756813496452,0.3358262479691238,0.43715231218844786,0.3284900403860427,0.45111870644285246
merged,rgb,16,f1@0.75,27,0.648881476959051,0.16099366577924681,0.5875156821759824,0.7084241408221996,0.5763150035683104,0.720883219639836
raw,rgb,16,f1@0.75,27,0.364136491264535,0.12399250922155533,0.31786431494551864,0.4089215646840804,0.3183777927945284,0.41505192209881087
merged,rgb,24,f1@0.75,27,0.647325793484574,0.16082730984745572,0.5865342848168907,0.7046853587891836,0.576326686894667,0.7182173042097683
raw,rgb,24,f1@0.75,27,0.3639157836418873,0.14745262406310497,0.3100918659392163,0.4192278210869881,0.30400716220365565,0.42969909788473415
merged,rgb,32,f1@0.75,27,0.6445792684800361,0.1521401173835633,0.5868614682116541,0.6983722222117147,0.5678281311977255,0.7174915032457789
raw,rgb,32,f1@0.75,27,0.3639066277524301,0.1450139297635301,0.30940296469499656,0.4162855578590263,0.3103286552314028,0.424612255534852
merged,rgb,48,f1@0.75,27,0.6630117543538611,0.14303438096405566,0.61022502140949,0.7162024750979031,0.5945451577159894,0.7298512192131011
raw,rgb,48,f1@0.75,27,0.3703327356698711,0.13225609489947582,0.32128311994815123,0.4184468268145203,0.318111515766541,0.42975036645727493
merged,depth,4,n_reg,27,4.155496137849079,1.442300981603721,3.626847841156665,4.6826097783389455,3.5316523709690495,4.711582557317597
raw,depth,4,n_reg,27,4.678167458902753,1.497236608190383,4.121658711295966,5.224931615996567,4.056183778966132,5.192154608489817
merged,depth,6,n_reg,27,4.694797390336606,1.503826540627077,4.13761661137519,5.252872224815852,4.12665077478803,5.173910678288841
raw,depth,6,n_reg,27,5.353431985588848,1.7685845456471867,4.686434903422648,5.997437553051523,4.673861254109082,5.938815045336317
merged,depth,8,n_reg,27,4.8987813475558575,1.5619168882722214,4.312687324929972,5.471411688075903,4.316370549566628,5.385176409820127
raw,depth,8,n_reg,27,5.753721811957106,1.7665533201971015,5.068241054334192,6.408504103240622,5.046448060789973,6.350845678192225
merged,depth,12,n_reg,27,5.152936507936508,1.6804313539493343,4.535052419621047,5.777495131049053,4.472366926019419,5.7453776493114725
raw,depth,12,n_reg,27,6.141387521338503,1.9289246358372099,5.403498399022909,6.849371064755868,5.316761541028982,6.8206600346774025
merged,depth,16,n_reg,27,5.176926006092672,1.5099901751150895,4.608462540319157,5.732010490054607,4.5938288463092745,5.675401827473652
raw,depth,16,n_reg,27,6.507578021107433,2.0423184520012754,5.758869513882995,7.228520206146432,5.629992564713633,7.186700138372215
merged,depth,24,n_reg,27,5.236961609559648,1.5095018263338322,4.662832413184129,5.784187689806562,4.683669318569325,5.7304376095878045
raw,depth,24,n_reg,27,6.655694479812127,2.0384516149416667,5.886279125875941,7.394021658579257,5.816030107389703,7.2983020503656
merged,depth,32,n_reg,27,5.072032227032228,1.5665149882413163,4.494362020060549,5.642502682049251,4.445596413347949,5.650142227517728
raw,depth,32,n_reg,27,6.371377948485792,2.2051917709508357,5.555037247474748,7.180528548203795,5.422632024044796,7.213067217652474
merged,depth,48,n_reg,27,5.189413297305454,1.6656459990547845,4.566838010709334,5.793410663002574,4.50358332874899,5.786788815147271
raw,depth,48,n_reg,27,6.656870408095898,2.3764291784179825,5.773038954554887,7.528639433551199,5.619143746264054,7.5422504974750595
merged,normal,4,n_reg,27,5.40410472606551,1.3725732643217257,4.885875656070509,5.908037134887624,4.896923181145368,5.8984045698902605
raw,normal,4,n_reg,27,6.714490728951513,1.4405225064921698,6.172029036867273,7.252229333484235,6.186796142760625,7.204693960764592
merged,normal,6,n_reg,27,5.9577058870686335,1.5698284369916322,5.369076186703637,6.537506142776976,5.337397557711896,6.533438564346193
raw,normal,6,n_reg,27,7.655000966716654,1.7682692806823759,7.00633846282621,8.318887682261458,7.008807398854859,8.284383538895183
merged,normal,8,n_reg,27,6.161779300945967,1.8552851548635412,5.482438329372153,6.859838723957597,5.366823623984947,6.905189155227285
raw,normal,8,n_reg,27,8.136598642824133,1.942667249183757,7.428751243763499,8.86081441339162,7.229078900878534,9.043284525532272
merged,normal,12,n_reg,27,6.479478468154939,1.8582473708961873,5.7855515843542795,7.16137019353196,5.675501336898396,7.198986309333515
raw,normal,12,n_reg,27,8.84376279131181,2.415211864304767,7.950011264606854,9.748647578728459,7.669677172047271,9.964687026918803
merged,normal,16,n_reg,27,6.760094926859632,2.007532006262223,6.032907926133415,7.490584373143196,6.013265310525036,7.398811554621849
raw,normal,16,n_reg,27,9.811621513925434,2.4550825654356907,8.88467916737402,10.70673488267361,8.875567984085928,10.693469796858137
merged,normal,24,n_reg,27,6.571670486376369,2.0186000653102067,5.803018231450829,7.300406224947891,5.727575459922111,7.332980597268366
raw,normal,24,n_reg,27,9.418420856558113,2.6515828539125805,8.460312477600468,10.427077322595705,8.204851172675694,10.598383567484232
merged,normal,32,n_reg,27,6.518731455545181,1.9591751722379174,5.8038521943289085,7.2256050744371825,5.722450693913929,7.254381794877042
raw,normal,32,n_reg,27,9.606419375831141,2.5447990188558824,8.676579230682174,10.539979935913758,8.508547314205401,10.674251587832103
merged,normal,48,n_reg,27,6.473745154627507,2.0472327920372027,5.7081051322043965,7.239154617486724,5.6276396733317835,7.256900685001273
raw,normal,48,n_reg,27,9.54188332908921,2.634842189671208,8.582215972752739,10.53052177588207,8.383614976689975,10.671853792842894
merged,rgb,4,n_reg,27,5.659385474728611,1.684005446527729,5.024946408529743,6.274809845655434,4.9794416010703335,6.282944150857835
raw,rgb,4,n_reg,27,7.312971545520566,2.118935308442111,6.505122763583548,8.085350952333796,6.4423825270164885,8.113120963595229
merged,rgb,6,n_reg,27,6.746689136934235,2.075292730940365,5.972268882216185,7.512548689509475,6.0145571648781795,7.4374765091229325
raw,rgb,6,n_reg,27,10.100628860971996,3.370017810866096,8.853600750738005,11.379706417583867,8.782326962865566,11.397981577368707
merged,rgb,8,n_reg,27,7.354572640504013,2.3594941803532548,6.473746266941119,8.216331784228844,6.533102689844878,8.078954375323796
raw,rgb,8,n_reg,27,12.201166331852606,3.7557192784808966,10.833822829721113,13.612101624909224,10.761495052868256,13.719462914995546
merged,rgb,12,n_reg,27,7.808280305388148,2.3703453996436705,6.932192225122372,8.689168739212857,6.976454508848994,8.542815252349634
raw,rgb,12,n_reg,27,14.157540932197795,4.491962233784648,12.469052828117782,15.844155162738494,12.533562142998615,15.793456801677928
merged,rgb,16,n_reg,27,7.847883998717331,2.44444935869565,6.972004991558913,8.754069127314226,6.942955354092395,8.643260153082212
raw,rgb,16,n_reg,27,15.365474705033531,5.244520010728491,13.473142769902575,17.308654816724673,13.363629738632829,17.333818773129245
merged,rgb,24,n_reg,27,8.046751525526036,2.598485499170389,7.09309321388488,9.009921548585764,7.073017639481341,8.86613667363773
raw,rgb,24,n_reg,27,15.770734185930266,5.22161159542364,13.874766002697374,17.728746168501072,13.790324396201902,17.803072986694676
merged,rgb,32,n_reg,27,7.958335832649557,2.4818703098224546,7.026069064241859,8.870802560502316,7.048488332523093,8.72172742187264
raw,rgb,32,n_reg,27,15.893307349875977,5.545419765030428,13.901020045812936,17.94380718364787,13.988225130301386,17.598504342998954
merged,rgb,48,n_reg,27,7.988360920125626,2.487037657917566,7.070386101326052,8.901334745093324,7.100884584288262,8.734199268512688
raw,rgb,48,n_reg,27,16.33187003084062,5.827429494763127,14.204913771821863,18.67425442980223,14.294318935415076,18.14692908854373
merged,depth,4,n_pred,27,4.126141244376539,1.4622260217300358,3.5792925272802725,4.669562253605146,3.485206648545552,4.696164238311189
raw,depth,4,n_pred,27,4.533490719520131,1.4819910906002267,3.9933883489422706,5.087799163436418,3.9028059243668345,5.071801230484357
merged,depth,6,n_pred,27,4.612213097360156,1.4841658534742712,4.059628907539448,5.152290269643212,4.067716053713976,5.086365095953741
raw,depth,6,n_pred,27,5.217255184902244,1.7533930874833479,4.565897437257731,5.862871383654472,4.548469378899287,5.827001744334097
merged,depth,8,n_pred,27,4.811836950268322,1.5655045466510522,4.227646851333126,5.390995198247649,4.242801971406152,5.314309830310423
raw,depth,8,n_pred,27,5.587763111978798,1.7606894823938175,4.93235033634666,6.2243855159909085,4.877969919786097,6.19176787239517
merged,depth,12,n_pred,27,5.018718676022598,1.6463183715398115,4.4165239480472325,5.614954387478898,4.359757860159874,5.600173695815224
raw,depth,12,n_pred,27,5.904645450772902,1.8866237839927857,5.19522881181092,6.591154560898433,5.093548204603811,6.577446832220349
merged,depth,16,n_pred,27,5.106586664969018,1.47040557839847,4.542492235614785,5.635855523606749,4.536891901612572,5.598205561744901
raw,depth,16,n_pred,27,6.300363108206245,1.9521375583970304,5.570368464052287,7.0271670173961835,5.447113059066602,6.940598987083837
merged,depth,24,n_pred,27,5.154815309962369,1.46394264601198,4.607401870007263,5.677216697200767,4.6125214684552915,5.651299293114973
raw,depth,24,n_pred,27,6.356540451197315,1.8855700037287941,5.647199977718362,7.036093663643909,5.569984752882847,6.965606468344914
merged,depth,32,n_pred,27,4.952624423506777,1.5274091382764161,4.378267714493204,5.503983148478246,4.376588650320268,5.48630941671618
raw,depth,32,n_pred,27,6.035520824491413,2.032023689650662,5.257958469498911,6.781753105871979,5.1975156676306895,6.76769426892411
merged,depth,48,n_pred,27,5.053345523394542,1.5839038940297752,4.4597774099538805,5.618205834017109,4.41840307776003,5.593371608851874
raw,depth,48,n_pred,27,6.337841227400052,2.1356176013378554,5.513874755962991,7.0962988463061984,5.394365474252944,7.074179227957917
merged,normal,4,n_pred,27,5.378689627366098,1.380223573183322,4.848058768709504,5.896886527506624,4.865372309063487,5.860651938343519
raw,normal,4,n_pred,27,6.5259708193041535,1.4404942357646964,5.995362815243942,7.053571734501881,5.984728061573956,7.020307557932263
merged,normal,6,n_pred,27,5.920138712050476,1.5840353595563341,5.328181058955569,6.49535073128578,5.278398163139222,6.505951418676891
raw,normal,6,n_pred,27,7.429634934781994,1.7042503536414686,6.814659805925738,8.072867402432351,6.784450347066726,8.065491089180428
merged,normal,8,n_pred,27,6.07569773363891,1.8488111561428944,5.384301746456159,6.774585635769459,5.279407664884136,6.804528076045234
raw,normal,8,n_pred,27,7.835458365164248,1.9416617482079948,7.139347422639088,8.59105931278235,6.93693940970794,8.73785073656673
merged,normal,12,n_pred,27,6.399522041139688,1.8844403567138623,5.7005357360957865,7.09896180761867,5.57397120340231,7.121214799675037
raw,normal,12,n_pred,27,8.49079888521065,2.334582379499188,7.637707090748758,9.367195955233944,7.359359065718174,9.592677997619502
merged,normal,16,n_pred,27,6.6242112535249795,2.0245248997600176,5.873006841288705,7.375926948641408,5.845226946098688,7.305378614880072
raw,normal,16,n_pred,27,9.261197313942413,2.4259577402484296,8.363714510299069,10.16151763963161,8.331857187425548,10.137053635587758
merged,normal,24,n_pred,27,6.46867401842892,2.020823663702567,5.73474863952315,7.206198644356733,5.5996498301024955,7.2623119124141855
raw,normal,24,n_pred,27,8.873314635618557,2.5219728674067015,7.958169908114762,9.827400684010977,7.702710818073786,9.982582286778346
merged,normal,32,n_pred,27,6.43179988493714,1.9773866565834326,5.679850148308482,7.1576277810787605,5.629033057040997,7.1907467470252575
raw,normal,32,n_pred,27,9.106748059493158,2.4486847555857514,8.207318643366438,10.006356192645407,8.068866169536792,10.12146989719641
merged,normal,48,n_pred,27,6.368432386422582,2.073850238029264,5.630178078638863,7.122114773434625,5.50058072319837,7.172140395173221
raw,normal,48,n_pred,27,8.915362801686332,2.4801824527502787,8.038778786346189,9.868539512185345,7.796304136850173,10.020084799422301
merged,rgb,4,n_pred,27,5.6325953512718225,1.6828985094724225,5.011182210173632,6.243658528562941,4.941698538137826,6.263086106942777
raw,rgb,4,n_pred,27,7.093271109790718,2.0139156636300894,6.329380425991945,7.830433885422854,6.288737828388931,7.843419209539614
merged,rgb,6,n_pred,27,6.638156754284205,1.9779848492343188,5.887867781456016,7.351244033471975,5.914491183632543,7.299969909944653
raw,rgb,6,n_pred,27,9.591525738241424,3.1396607968430708,8.43489140765734,10.758347271736977,8.37187840381368,10.834367413639436
merged,rgb,8,n_pred,27,7.235380391213725,2.276053315518088,6.389686120660385,8.064789219223043,6.431274922158945,7.951110998376624
raw,rgb,8,n_pred,27,11.393316498316496,3.431327039384531,10.121967212979468,12.672525768303954,10.031870058840035,12.743547743804266
merged,rgb,12,n_pred,27,7.675468079487688,2.272880833996356,6.8265821779890405,8.526255116524723,6.88041939133987,8.39475354278075
raw,rgb,12,n_pred,27,12.816606588763452,3.9459473811265506,11.39229982009639,14.332513950782332,11.400965138113877,14.15183807486631
merged,rgb,16,n_pred,27,7.687779852681813,2.319586553973273,6.816500197469559,8.537359121678975,6.8147158405852455,8.447681673117275
raw,rgb,16,n_pred,27,13.846883140461571,4.618099046617873,12.181906767252357,15.599758508285468,12.08647262259799,15.43797801993272
merged,rgb,24,n_pred,27,7.915829230682172,2.520827061725843,6.995080320006791,8.854472134392477,6.966932981851832,8.702274437354795
raw,rgb,24,n_pred,27,14.235994987220476,4.6459871210173285,12.550295766370523,15.957850394703335,12.47320721415839,15.952074726012663
merged,rgb,32,n_pred,27,7.781578200303691,2.3930009065106836,6.894468087740146,8.652216272199116,6.903137074711307,8.504437291109625
raw,rgb,32,n_pred,27,14.205351531184865,4.877683819026086,12.458523681021232,16.09508037187939,12.554075817533622,15.667130876886803
merged,rgb,48,n_pred,27,7.834890996802762,2.410555004703624,6.951292589763178,8.747089078223883,6.953935605337176,8.53878372690769
raw,rgb,48,n_pred,27,14.53671167793717,5.184773234241843,12.760041321831762,16.48225544898094,12.683089814384251,16.098836624239134
merged,depth,4,miou,27,0.3905104452729335,0.15275538932359115,0.33413964050015754,0.447845637137367,0.3257546208309757,0.4592326477744545
raw,depth,4,miou,27,0.39085281789567233,0.152887803270007,0.3343671584436575,0.4480947529978267,0.3256477569957035,0.4624076427904706
merged,depth,6,miou,27,0.44681046147424214,0.14554533849393636,0.3938898545938101,0.5008547086551234,0.39081363165441985,0.511960253281248
raw,depth,6,miou,27,0.44743631851710264,0.1454657985178163,0.39480828411770186,0.5007361024135266,0.39220223775772534,0.5122283070282692
merged,depth,8,miou,27,0.4546586991447304,0.15202689249802032,0.39980964315067397,0.5116904735069879,0.4009695079253814,0.5160560753730986
raw,depth,8,miou,27,0.4553614037550836,0.15198485453583235,0.40082719252082555,0.511215673995336,0.40316521434666264,0.5142582580776106
merged,depth,12,miou,27,0.4675564408909512,0.1523367936557327,0.4108923624431157,0.5239131486488824,0.41694536841136837,0.5213240605253501
raw,depth,12,miou,27,0.46828271473392946,0.15274349568182494,0.41153178609803964,0.5255424846908034,0.4177694967873449,0.5231284424831651
merged,depth,16,miou,27,0.4651766800684292,0.14762608046349654,0.41082262267932196,0.5204679101370137,0.4098198152025239,0.5275017373180133
raw,depth,16,miou,27,0.4658431001364086,0.147768271716822,0.4117949284530758,0.5208944136658852,0.4110954220408854,0.5278266694870319
merged,depth,24,miou,27,0.46864146477997964,0.1474629938762745,0.4143126789862181,0.5247764743705189,0.4084734668378357,0.5341867569121485
raw,depth,24,miou,27,0.46931186449084383,0.147476956576308,0.4153570520017693,0.5234744015883048,0.41107456193290665,0.5370183404273066
merged,depth,32,miou,27,0.45698740338321037,0.14618367101413393,0.4030706349083299,0.5128890531300604,0.4036210238948627,0.5098433971284325
raw,depth,32,miou,27,0.45778072329535635,0.14653359426161294,0.40441540506393364,0.5114705156822393,0.40263913103835136,0.5114390526137274
merged,depth,48,miou,27,0.4626241193389535,0.15022543034843108,0.4073161082820746,0.5178921752569586,0.41131962106387737,0.5214199650215431
raw,depth,48,miou,27,0.46310396989596886,0.1504310138264379,0.4074566455389319,0.5185641242106205,0.41264253466708706,0.519575656446513
merged,normal,4,miou,27,0.5801265786204932,0.1442342709095305,0.5254026551638715,0.6326486654577269,0.5199981936355841,0.6514450563479346
raw,normal,4,miou,27,0.581153350011279,0.14426178812848084,0.5276340978073568,0.6330630604842223,0.5218469346214167,0.6488160412067467
merged,normal,6,miou,27,0.6204080439119837,0.1366413420028207,0.5680679972116449,0.6697514109105136,0.5625506031868922,0.6769467942184705
raw,normal,6,miou,27,0.6213405721757937,0.13688140651743966,0.5694690433604375,0.6712100384865969,0.5656665775079653,0.6790376208151928
merged,normal,8,miou,27,0.6155059996982878,0.14920893306794208,0.5600304750791578,0.6699810852931135,0.5550540092476628,0.6810877626606912
raw,normal,8,miou,27,0.616457507846134,0.1493176721974647,0.5608101498601221,0.6711228404338033,0.5558759074773761,0.6812295028117383
merged,normal,12,miou,27,0.6455861905310635,0.14965513086515625,0.5886852815611148,0.6993828314386441,0.5870223101522927,0.7083625651333462
raw,normal,12,miou,27,0.6465349597848927,0.15012088001525914,0.5909784022144898,0.7016703671379554,0.5880364997025461,0.7117734516916653
merged,normal,16,miou,27,0.6550350905174459,0.14865871261686564,0.5984611215284414,0.708017790476146,0.5999477404820794,0.7156019477656781
raw,normal,16,miou,27,0.6560692100045935,0.14917428338466404,0.5977516031907213,0.7104453032176532,0.600902494432914,0.714278242556342
merged,normal,24,miou,27,0.6447599355669948,0.15041702967797294,0.5888819983765619,0.6995094724077767,0.5843179007481,0.7038276665634391
raw,normal,24,miou,27,0.6457704042740131,0.15059675220895224,0.5895458279825149,0.7008962998655345,0.5844131555867851,0.705947619246965
merged,normal,32,miou,27,0.6475519971418373,0.15551507463636444,0.5882340876765905,0.7052599737175195,0.5855956079930456,0.7083408592948524
raw,normal,32,miou,27,0.6485218617626665,0.15576347520743578,0.5895518005018255,0.7048843392812726,0.5862438513114602,0.708586691634494
merged,normal,48,miou,27,0.6282216679830305,0.1466854283033788,0.5725989094307725,0.6815733375970632,0.5760890200270461,0.6804293760295892
raw,normal,48,miou,27,0.6292787923204258,0.14686544316471525,0.574576549007662,0.683598174862067,0.576898346964929,0.6824074944096497
merged,rgb,4,miou,27,0.5926640136811038,0.16430879147201097,0.5311981147321116,0.6532872662936988,0.520235045607091,0.6749083704891038
raw,rgb,4,miou,27,0.5929085781880586,0.1644062406273122,0.531446878499644,0.6520848757870579,0.5227414597712347,0.675072908587831
merged,rgb,6,miou,27,0.691933078229805,0.11766715242088949,0.6473811032413251,0.7351394846843504,0.6368128658598352,0.754307996502048
raw,rgb,6,miou,27,0.6925705364334328,0.11739346068482942,0.6481707956275503,0.7355119271481326,0.63743442638949,0.7548115192539687
merged,rgb,8,miou,27,0.7310346516374219,0.13935796724532654,0.6772472368764691,0.7820615381785606,0.6705306975932722,0.7963444991607588
raw,rgb,8,miou,27,0.7318763345557707,0.13892273645111458,0.6787831690210703,0.7802587123661777,0.6705934982900885,0.796232346929349
merged,rgb,12,miou,27,0.7557515036538128,0.12808021941520256,0.7059042426305177,0.8022403092010263,0.6930951411115598,0.8212856661642137
raw,rgb,12,miou,27,0.7568819587266673,0.12717376013509107,0.7092741133908164,0.8024683547083148,0.6939854438184104,0.8217704318697203
merged,rgb,16,miou,27,0.7466321589676761,0.13790701427083835,0.6944296371325441,0.7958091771750401,0.6819888194620595,0.8120251430205647
raw,rgb,16,miou,27,0.7476199251605258,0.1375109205795703,0.6959928066056755,0.7974105951407663,0.6844829309513799,0.81204673720595
merged,rgb,24,miou,27,0.7561831222734134,0.1291693887982019,0.7086052369506058,0.801358730488043,0.6970327006756762,0.8191686768376132
raw,rgb,24,miou,27,0.7570686082690529,0.12864709494806006,0.7090893055442282,0.8027615651529295,0.6975364284723173,0.8194443451519222
merged,rgb,32,miou,27,0.7485717122031423,0.13959475567310925,0.6941228772424028,0.7990101272453721,0.6849317199658717,0.812477142456742
raw,rgb,32,miou,27,0.7495586688761433,0.13891436363152496,0.696647707861697,0.7995142461976184,0.6840163126860472,0.8146462114169188
merged,rgb,48,miou,27,0.7620039215844727,0.11730016032168164,0.7174082477922193,0.8046032007566869,0.7083005272832895,0.8216484949721751
raw,rgb,48,miou,27,0.7630217000728945,0.11634411457222542,0.7201894856217361,0.8053198885290465,0.708504582701846,0.8231397073197265
